content,score
"Bos,update mulu kenapa ya Bos",3
Top,5
Oke,5
bgs,5
sngt bagus,5
Knp klo kirim cht pasti ada tanda serunya muncul kek gagal khi terkirim psnkhu,1
Lemot,1
Sangat bagus cocok untuk saya,5
Lumayan,5
asik,5
Semoga sukses selalu,5
"Diblokir kok masih ada pp nya, aneh lu pada yg kerja di WhatsApp",1
"SEMUA CHT GUE ILANG DOKUMEN,FOTO,DLL PADAHAL UDAH DI CADANGIN TPI TTP AJA GA BISA DI BALIKIN CHTÂ² YG DULU PERCUMA TIAP HARI DI CADANGIN TIAP JAM 2 TAPI GA ADA HASIL KECEWAAAAAAAAAAA",1
Game eror,1
MMM aedalah i o Lpl Pp L Lll,5
Suka,5
Ok,5
Ga guna,5
"Video call gambarnya gak jelas, walaupun jaringan udah bagus. Udah update terus bug video call terjeda belum di perbaiki.",1
â¤ï¸,5
WhatsApp sekarang banyak bug maupun eror misalnya info di WhatsApp saya ini sedangkan di orang lain berbeda,3
Ko g bsa d dounlod,5
Keren,4
Sangatlah baik,5
Sangat memuaskan,5
Pye to iki? percuma download tpi Ra enek seng ngecht :),4
"Kenapa sekarang mah kalo telponan d wa ngk bisa lama""",2
WA makin lama gg asik setiap posting video kadang ada suaranya kadang gak ada tolong beri kenyamanan pengguna WA,1
Karena pas mau buka tautan ktnya hrus di perbarui gak jelas bet deh sory yah,2
Syukaaaaaaaaa,5
Jos,2
apps terbaik untuk hari ini,5
"please fix it, if I post a video, how come it's blurry?",1
"Mohon di baca pihak whatsapp tolong dong bacaan sedang membisukan kalo lagi telpon atau vc itu di perkecil ini terlalu besar jadinya menggangguğŸ˜ƒ, tolong yaa pihak whatsappğŸ™ğŸ™",4
BagusğŸ˜,5
Nyesel diperbaharui whatsApp malah jadi kaya gb,1
Tambah berantakan...tiba tiba akun tidak di izinkan karena ganti nomer. kenapa memberitahu nomer wa baru ke keluarga sekali kirim 10-15 saudara langgung diblokir tidak dapat menggunakan whatsapp..,1
Mantap,5
MY STICKER IS GONE PLS GIVE ME BACK MA STICKER ;-;,5
ğŸ‘,5
Kenapa wa saya download ko lama,5
Aplikasi ini sangat bagus ğŸ˜Š,5
bisa buat silaturokhim,5
"tolong ya ini kode Verifikasi nya kok tidak masuk masuk ya, padahal nomor saya masih aktif, mohon bantuan nya",2
ğŸ‘ğŸ‘ğŸ‘ğŸ‘ğŸ‘mantul,5
bagus di pakai,3
Bagus,5
Bnyk bug,1
Mantap WA ya bagus bangat aq sukak,5
Mantap,5
"woy.. knp tiba"" akun saya tidak diizinkan..",1
Kata nya bisa kunci pesan. Tpi kenyataan ny ga bisa,4
Ok,5
Saya sangat puas menggunakan aplikasi wasapp,5
Apk yang bagus,5
"Mohon untuk status storynya diperpanjang lagi ya durasinya, jadi 45 detik atau 1 menit dan kualitas nya juga diperbagus lagi.",4
Good,5
mantap,5
Mantap,5
Mayan,5
Whatsapppp,5
Good,5
Bisa ngga sih ngga keseringan update terus?,3
Sangat membantu komunikasi dan segala keperluan dapa di tanggapi kmi bisa bicara kmi dikala mendesak,5
fitur vc nya kedip kedip min,1
keren,4
PLEASE DONG FILE DI WHATSAPP JANGAN ADA KALUWARSANYA! JADI MASIH BISA DI DOWNLOAD ULANG WALAU UDAH LAMA KEHAPUS DARI GALERI,1
Senag,5
ğŸ‘,5
Cakep,5
Wa ini tidak baik,2
permisi maaf saya meminta help untuk emot ini ğŸ› saya lihat seperti orang lagi mengemis tolong ditambahkan mangkok biar lebih enak dilihat,1
Kecewa banget karena selalu di Blokir,1
Keren dan mantul,5
Orang lain,5
Terbaik,5
ğŸ‘,4
Yaa jadi itu WhatsApp perlu di tambah muaahahha acumalaka,5
mmek hapus aja fitur 1x liat kentot,1
ğŸ‘ğŸ‘,5
HP mati saat angkat tlp wa,5
Saya gk mau whatssap ke bklo lagi,5
"Sangat bagus, saya suka",4
ok,5
MAntap sekali,5
Bagus,5
ğŸ¤£,1
"Kalo bisa bintang seperempat, mending segitu. Pokoknya wa jadi jelek banget, semakin di update semakin bikin emosi. Ga usah diapa-apain kenapa sihh anjirr, wa balik kek dulu aja kenapa sihh. Ngirim dokumen harus satu"", vc klo terjeda gabisa balik ngidupin kamera, kadang post pp baru jga susah bangett jadinya malah ngepost di story. Pliss lahh WA nya balik normal kek dulu lagi aja njirr.",1
Bermafaat,5
Orang lain miskol kl tdk di buka whatsanya ga masuk,5
"Apk Jelek Akun WhatsApp Gua ke Blokir,Tolong di Verifikasi EMG salah Gua ap?",1
OYYY APUSS FITUR SEKALI LIATTTTTTTT,1
Karena asyik,5
Sangat bagus,5
Oke banget,5
its gÃ²od,5
"Semoga whatsap buat fitur arsip cerita kaya fb dan ig, supaya bisa liat foto lama yg dlu pernah dipasukin sw dan sekarang ilang",5
Bolleh bagus,5
Lambat,1
Mantap,5
"WhatsApp kenapa sih? Aku mah simpan kontak nggak bisa. Padahal dikontak ada, tapi di WhatsApp nya masih Nomor. Gimana sih WhatsApp, tolong lah.",5
Bagus,5
Pertahankan,5
ğŸ’–ğŸ’–ğŸ’–ğŸ’–,5
Ok,2
Aplikasi ini membuat saya sakit hatiğŸ¥€ğŸ˜€,5
wa bisa live stream biar enak,3
"Penting untuk komunikasi jarak jauh, kwalitas vidio kiriman kurang bagus",4
Diperbarui gk makin bagus. malah kualitas bentar2 jeda sendiri pas vc..buruk,1
Untuk pop up d android 11 tidak bisa mohon d perbaiki,1
Aplikasi ini dapat digunakan untuk melakukan hubungan seks dengan wanita lain,5
Ko WhatsApp saya ga bisa terbuka..saya install ulang tidak dapet masuk,1
Sangat membantu untuk komunikasi,5
"Burukkkkkkk, seketika kontak hilang, profil tidak ada",2
Mencari cinta sejati,5
Bgus,5
Makasih,4
Bagus,5
Apk mantab buat chat ayangğŸ˜‚,5
Selalu eror 1hari bisa 10x keluar,1
Mantap,5
"Seiring pengalaman saya, alangkah baiknya fitur sekali lihat di WhatsApp itu dihapus biar saya bisa bersyukur unlimited minğŸ™",1
bgusss bgt,5
Dafid Bapan,5
App yg merakyat..,5
Mantap banget,5
Bagusss,5
"Tolong tingkatkan kualitas gambar dan video, sebelum di upload bagus setelah di upload kualitasnya jelek padahal udah diatur mode kualitas terbaik.",1
Cepat untuk kirim berita,5
"INIII GIMANA SI MASA MAU NGEREKAM VIDIO FORMAT TIDAK DIDUKUNG, MSKD????? PERBAIKI DONG MIN",1
Sy bintang tiga dulu,3
KKKKKKKEEEEEEEEEPPPPPPPPOOOOOOOOOOOOO KEPO,4
"Tolong untuk fitur story, diperbaiki supaya kwalitasnya hd ketika memposting foto/video",2
Makin eror ini aplikasinya Whatsapp..,2
Aku gk tau l,2
WA buat silaturahmi sangat bagus namun kalau setiap hari di blokir jadi tidak nyaman. Semoga management WA dapat cara yang lebih bijaksana dan kontrol lebih mendalam atas akun yang di blokir. Terimakasih.,5
"Kenapa sering hilang, data WhatsApp",5
Myn,5
Agar lebih bisa disortir akun WA penipuan,4
Ok,5
bagus,5
Bagus,5
apa ini semua foto ilang setelah di update tadinya ada sekarang ilang. foto udh d download ga bisa di save ke galeri. tolong ya WA ko error skrng mah...,2
Saya suka whatsapp,5
Makin keaini makin kesana. Sinyal bagus tpi buat tlfon/VC ngadat,2
Wa kontol,1
sangat puas,5
"Tampilan WA skrng bikin gw ga nyaman sumpah, knp sih WA berubah total bukanya lebih bagus malah jd lebih jelek. Balikin tampilan WA yg sebelumnyaaaa!!!! Gw gasuka yg terbaru....",1
Bagus sekali,5
ğŸ‘ğŸ‘ğŸ‘ğŸ‘,5
Bagus,5
Mayan,3
"Tidak bisa masuk,padahal jaringan stabil dan hp support,heran",2
Ok,5
Bagus bermanfaat,5
Apknya bagus Sekarang sy bisa chatting dengan keluarga dan teman saya,5
Bagus pelayanannya,5
apk gj,1
"Gimana isi whatsPp ny jelek banget jadi kayak eror hp ku padahal aplikasinya,tolong pembaruan nya yg realpick sedikit ngapa jadi susah gua main watsappnya",1
ğŸ˜ğŸ‘ğŸ‘,5
Tambahin fitur siaran live biar makin lengkap,4
"Halo developer yang terhormat, saya mau bertanya kenapa wa saya eror? Baru masuk aplikasi terus keluar dan ada tulisan ""WhatsApp telah berhenti""? Tolong itu kenapa ya padahal wa penting bagi saya Sekian terimakasih",5
Bagus,5
Sdh memasarakat...tingkatkan yg sdh baik menjadi yg ter baik..,4
"Gak ikutan komen negatif""dah",2
"Tolong admin kembalikan akun saya, saya ada urusan sekolah pleas segera mungkin karena penting sekali",3
Sangat membantu,5
"Semenjak di update bukan nya bagus malah rusak,saat videocall di minimize pict in pict gambar nya jadi kelap kelip dan gambar vc tidak bisa di drag...",2
Mantap,5
"OM KASIH FITUR PIN DOONG, sama kasi filter juga biar kece ehhehehehe",2
Biar mantap,5
Gua lupa kata sandi gimana caranya ya? Tolong dijawab,2
ğŸš¬ğŸ—¿,5
Nomer otp,5
"gajelas, video dari whatsApp ilang semua di galeri",1
sangat baik,5
"Kalo lagi vidio call gambar terdistrosi oleh gambar lain, terus juga gambar orang yang saya vidio tidak muncul",1
TibaÂ² keblokir,1
Foto/video status kurang jernih,3
Ok mantap ğŸ‘,5
Good,5
Gr2 wa jdi difitnah gr2 berada dipanggilan lain,1
Najis buka foto aja lemot sinyal kuat jg. Tolol whatsapp pengembangnya pada ga becus,1
Bagus,5
Bagus jadi kukasih reting 5 ğŸ˜,5
Baik,5
Mantap broooo,5
Bagus,4
nyimpen kontak gk bisa dasar isiot,1
Saya mengerti,5
Setelah update kualitas foto maupun video yang dibikin status jadi buram ğŸ‘,1
musik,1
Sangat bagus,5
Bagus,5
"Kenapa nomor saya ke blokir pdhl saya gak buat apa"" saya tuh butuh apk ini buat tau info"" di sekolah ada apa kalo di blokir kyk gini gimana saya mau tauu kecewa saya sama apk nya!",1
Lagi nyari kerjaan jait akan ku kejar,1
"gaada emot lele anjay, lain kali klo update kasih emot lele",3
Mempermudahkan semua,5
Gamenya asik bisa buat Mabar,5
fitur sekali lihatnya hapus aja pakğŸ™ğŸ™ğŸ™,5
Aplikasi yang sangat baguss,5
Whatsapp saya ke blokir terus gmna ini kecewa saya,1
"Sejak update terbaru Setiap menggunakan fitur foto di whatsapp selalu reboot sendiri device nya device saya Realme , tolong perbaiki cepatt",1
Baguss,5
Ten,4
"Pliss WA update ny makin bgus, tpi pliss yang fto sekali krim bisa di ss dong ğŸ˜­ pliss",5
Kasih 4 dulu,4
Sangat bagus,5
Aku ndak iso,5
"SERING BUG DARI TERJADI KESALAHAN SAAT MEMUTAR VIDEO , PADAHAL AKU UDAH NURUTIN SEMUA CARA DI GOOGLE MAUPUN YOUTUBE.",1
Goood,5
Sangat bagus,5
Ini a0likasi bagus,5
Bagus.......,3
Saya sangat buat pake whataapp,5
Plis lah admin yang pakai wa mod langsung blok nomernya gak jelas sumpah meresahkan,1
WhatsApp Windows ???,5
kkgu5,3
payah makin ngga stabil ngga seperti Awal pertama muncul wa,1
Plis hapus 1 kali liat gk bisa screenshot males,1
Ko di hp redmi belum terupdate ya,1
Punya sy kok nggk ad setingan gamba/gambar buat vc kalo di kembali terjeda terus,2
Sangat bagus bisa buat telponan dan untuk chat,5
Cukup baik,5
"wa knp si skrg jd ada kea pemulihan' kntll, anjingg emg, chtn ku jd slalu ilang suu, jelasin ke ajg, biasanya ga ke gini juga, knp si",2
"tolong updatenya seperti ini saja , jangan diubah2 aku sukak , toolbar nya ada dibawah gitu min keren ğŸ‘ kalo diubah ku kasih bintang 1",5
Game nya seru bangetttttttttttttttttttttttt,5
Mengecewakan nih.... Whatsapp merusak gambar jadi pecah,1
Aku suka sihh sama aplikasi ini tapi knp harus ada kedeluarsanya anehh yaudah deh aku kasih bintang 3 aja,3
Aban.maubicara.bentar,5
Buat stori kok macet,1
Goood,5
"fitur screenshot dari sekali lihatnya diadain lagi dong, mau screnshoot tugas / pap gabisa lagi",4
cukup membantu,4
Semoga whatsapp ini bagus,5
Lumayan bagus,5
"knapa harus di kompres lagi kalo update story?,jadinya sangat buram",2
Baik,5
Bagus bgttttttttt,5
Good,5
Apk yang bagus untuk berkomunikasi baik lewat chat atau pun video call dan telponan,5
Lemot banget,1
Tolong bisa kan aku mendownload wa,2
"Setelah update nya yg baru kok whatsap jadi agak error' contohnya ketika saya melihat video atau foto kadang yg keliatan cuma latar hitam aja bgtu juga dngan video yg kadang cuman suaranya aja mohon diperbaiki lagi whatsap ini krna 99,9% menggunakan whatsap",2
Komunikasi hauh,5
Oke,5
Wa ini kenapa selalu membelokir saya,5
"Setiap bikin SW selalu kepotong durasinya pdhl udh d atur , dr dulu ga d benahin ama pihak wa, ngentod!!!!",1
Bgus,5
Tolong di perbahuri lagi fitur waspnya kaya di tambah walpeper buat bagian kontak #semoga di kabulkan,4
Berhasil mengamankan game wa,5
Tidak bisa di perbaharui gagal terus,1
WAAA TOLONG HILANGIN FITUR SEKALI LIHAT APA ITU DAHHH NGGAGU CUIIII!!!!!,1
kalo buat vc pake headset suara masih tetep keluar dari hp padahal di aplikasi lain bisa...,2
Ok,5
ğŸ‘ğŸ‘ğŸ‘ğŸ‘,5
Terima kasih banyak atas bantuannya...,5
ğŸ‘ğŸ‘,5
kebanyakan iklan,5
Bagus,5
Malem semuanya dari aku duda mjkerto,5
23 rama-rama Bagus,5
Afipahnazafani,5
Internet lancar,5
Tolong buat WhatsApp messenger adakan filter foto biar bisa filter muka pragos biar gloww up,4
Bagus enggak ngeleg klo lg sw,5
trims wa.,5
Ok sangat membantu di berbagai aktivitas,5
Kenapa Saya Mentog Di Logo Whatsappp?,1
Qq,3
Bgus,4
Lumayan,3
WhatsApp sangatlah penting bagi kami untuk berkomunikasi dengan saudara yang sangat jauh begitulah,5
Satu kata untuk wa ugly,1
Yessssssdbro,5
Banyak update makin jelek,1
Sangat membantu,4
Madep dh,5
Good,5
"Tak kasih bintang 1 tiba2 WhatsApp nya eror ,chat udah dikirim ehh gak masuk2 kayak kena bug gitu",1
Sya beri bintang Lima,5
Bagus bangett,2
Good,5
gajek gbl0k,4
tolong kenapa sekarang gabisa update Vidio atau foto ke status gimana caranya,2
Bintang lima aja,5
Pulihkan WA semua yang terhapus,5
"kalo buat lope lope suka mencong mencong, jelek",1
Sejak ku perbarui kemarin malah saat VC trs di minimalis buat balas chat ataubuka aplikasi lain malah berjedip2 kaya disco gak mau disentuh...,1
"di kasih tema kayaknya makin seru deh bisa ganti"" warna temaağŸ¥°ğŸ¥°",5
Upload video atau foto selalu buram. Padhal udh pilih (pengaturan) kualitas tinggi.,2
Pas saya gak punya kuota ada status tapi gak muncul Gimanaaa,1
Baik,4
"HAPUSS FITUR SEKALI LIAT, BIKIN KESELLLLL!!!!!",3
Aplikasi ini sangat mwmbatu sekali dalam segala hal,5
Kenapa ya aku kalo update wa selalu tertunda mulu trs ga ngingstal ngingstal?,5
Ko gk bisa update,5
Ini ni paling bagus ni,5
"Ntah knp wa ku di blokir terus,, walau udh ganti puluhan nomor:) semoga aja pihak whatsap baca,, udh cape ngajuin permintaan agar gak di blokir lagi",3
Ok,5
Sangat lah keren,5
Sudah bagus,5
Lemot untuk buka status whatsapp.. Ngeselin,1
Baik,5
Wa saya ga bisa menerima pesan dan ngirim padahal ada kuota Lama2 ga makim baik malah kek gini,1
Okey,5
membantu,5
Tidak bisa meng update ker versi baru,1
Tingkat kan lagi,4
WhatsApp kayak tahiii,5
Hh,5
"min, kalo bisa itu komunitas ganti aja jdi lahan grup, beranda grup ama pribadi misah jadi nya..",2
Bagus sih bermanfaat(ï½¡â€™â–½â€™ï½¡)â™¡,5
Baik,4
Mantap aplikasi nya,5
Jakmwkwkwkakwkkwkkwkwk Amammakskkwksmnsms Namanya Sfsdedfsd R D E E Eerikwkdjk2jjx nnskkskks Knmmmmmn Menanyakan Nsnsmnsms Msmzmzmmzms Mzmammzmw KsmmsksmKms Mamkanen Nnmmwkkwkwk Jsnwjjiii Kimia Jjijijijiiiiiiihhiuijihi Najis Makan Nnwkajensj Msmmnwjjeijwjjwjwjjsuwjjwjwiwjjjejwjjzkwjwkwkjwisjsjjwjsjjwjwnwjwjwkjwjjjjjjjjiiiig Kjjsjsjajjwakaaskkswkksmzksmsmdkmsmmsmmmskmzmsmkdjhwi1iehocghhkwbbinjjjjjjjjnskwnkwnswjksknswpwbpzn1onMzm.znsnsmnznznznznmwkznwosmwojowjnwjwjzjkkkzkkskskiet2ot1oxbpnen,5
Bagus banget,5
Makin kesini makin kesono gak jelas,1
Ok,5
Sudah b aja soal. Nya notifikasi dari dia ilang,3
Mantap,5
kenapa wa ku sering hilang gitu aja...,3
Tidak bisa buka semua kiriman yg ada di whatshap,5
ğŸ’£ğŸŒ€ğŸ“€ğŸ’ğŸ˜ˆâ˜ ï¸ğŸ‡®ğŸ‡©ğŸƒğŸ¤©ğŸğŸï¸ğŸ‘‘âœ´ï¸ğŸ‘½,5
Sering lag,1
Ok,5
Sangat berguna,5
Ytta,5
Semenjak di update.di TLP layar jadi bank ga..trus kontak TLP jadi ilang.kalau di matiin ulang hpnya baru muncul lagi,4
ko saya susah nge download nya ya?,5
"á‘²á¥²gá¥™s á‘²gğ— á‘²Ñ–sá¥² á‘²á¥™á¥²ğ— á¥´Ò»á¥²ğ—ğ—Ñ–á¥’gá¥’, ğ—á¥²â´Ñ– skrg ğ—á¥™ á¥²áƒ« má¥±ğ—á¥² á¥’gÑ–rÑ–m á¥•á¥².má¥±//sá¥±ğ—ğ—Ñ–á¥’gs á¥¡g á¥’á¥¡á¥™sá¥²Ò»Ñ–á¥’ á‘²á¥™á¥²ğ— â´á¥±á¥’ggá¥™á¥’á¥² á¥²á¥’áƒ«rá¥†Ñ–áƒ«, má¥†Ò»á¥†á¥’ á‘²á¥™g á¥’á¥¡ áƒ«Ñ– â´á¥±rá‘²á¥²Ñ–kÑ– yaağŸ˜‰ğŸ‘Œ",5
Tolong dong untuk status jangan 30dtk lebihin dikit udh itu aja sih,2
hilangkan fitur sekali lihat,1
Ë¢áµƒâ¿áµáµƒâ¿áµ— áµ‡áµƒâ±áµ,5
Cukup terbantu dgn adanya Whats App,3
Enak chay,2
Sangat membantu,5
Bagus cukup membantu,4
Bagus baget loh saya kasi lima bintang,5
Untuk Developer WhatsApp saya sangat kecewa karena Akun saya telah di banned/diblokir hanya karena saya menggunakan WhatsApp tidak resmi kembalikan akun saya karena banyak data penting yang di perlukan ya saya menyesal sudah menggunakan WhatsApp yang tidak resmi fine!! tapi tidak begini juga konsekuensinya Jika memang kami tidak diperbolehkan menggunakan WhatsApp yang tidak resmi cobalah buat fitur yang sama seperti WhatsApp GB atau WhatsApp tidak resmi lainnya yang bisa menambah privasi lebih!!,1
"kualitas status poto/video jelek bgt, padahal sudah di aktifpin kualitas terbaik",1
"wa skrng agak gmna gitu,, kadang kalau vc terjeda tiba"" mati sendiri,,, segera diupdate lgi min, ditunggu yaaâ¤ï¸",3
Min aku mau complan kenapa ya aku pas buka wa nyetuck di logo mohom min kalo update jangan makin rusak,1
ğŸ‘ğŸ‘ğŸ‘,1
Sangat bagus dan ok..karena memberikan yg terbaik,5
.... 5,5
Suara kurang jernih.. Kadang putus-putus..,4
bagus,5
Perbaiki lg,5
Terima kasih saya bisa berkomunikasi dengan ibu saya ğŸ˜˜ğŸ˜˜ğŸ˜˜,5
Baguus,5
Pihak WhatsApp tolong dong bantu pulihkan kembali akun saya!kenapa sering di blokir di hp saya?dan apa masalah nya? terima kasih......,5
Di perbaharui ko malah menghilang,5
ğŸ¤® semakin buruk lebih baik yg duluğŸ‘ğŸ‘ğŸ‘ğŸ‘ğŸ‘ğŸ‘ğŸ‘ğŸ‘ğŸ‘ğŸ‘ğŸ‘ğŸ‘ğŸ‘ğŸ‘ğŸ‘ğŸ‘ğŸ‘ğŸ‘ğŸ‘ğŸ‘ğŸ‘ğŸ‘ğŸ‘ğŸ‘ğŸ™…,1
Mantap,5
Wehh ke baned ta akuu,5
Bagus,4
Udah makin rusak aja washapp.main spam tanpa sebab kecewa,1
Good,5
"saya ingin backup data tetapi sangat susah dan lama, back up data 6GB selama 12 jam tidak ada hasilnya",1
Lemot para,1
Maaf nih kenapa saya g bisa mengirim status padahal perlu loh untuk tugas tugas sekolah saya,5
So good very good well,5
"kenapa setiap nge delete kontak,tapi kontak nya ga ke hapus dri wa?terus setiap nge svb no orang,itu ga otomatis langsung ke svb,ngelag",3
Mantap,5
"tolong wa nya diperbaiki, masa tiap hari ada pemberitahuan kalo saya harus memulihkan chat kalau tidak bakalan hilang semua, itu juga chat yg dapat dipulihkan hanya chat dari jam 2 pagi ke bawah, sementara yg jam 2 keatas tidak dapat dipulihkan, kn jadi hilang semua chat saya, lebih disayangkan lagi chat yg sudah dibintangi kemarin ikut hilang",2
Mantap,5
Good,5
Sangat mendukung sekali,5
"Wa tambah kesini tambah suka eror, contohnya mau bikin sw Vidio ga bisa trus juga liat sw temen juga ga bisa",2
3dulu,3
Di tambah lagi update musik makin keren,2
Sagat baik aplikasi wa dan bagus saya kasi bintang 5,5
Akun buka whatsapp,5
menarik dan sangat membantu,5
Tolong tambah PIP nya,5
BEGE,5
"SEMENJAK DI update makin ga jelas,masak gua chat dia gak balas padahal dia online,pas dia online gua coba nembak dia eh kok malah off selama lama ny?ğŸ™‚ğŸ˜”",5
Bagus dan lancar,5
Bagus,5
Aplikasi nya sangat bagus,5
Selamat,2
Aj,5
Sangat baik,3
Sangat puas,5
Bagus,5
Sering lag buktinya bio wa tmn ane masaan dibuat 1970 kan nyeleneh,3
Kami gak bisa downloads,5
Bang boh,2
Parah whatsapp sekarang.........ğŸ¤¬ğŸ˜¡ğŸ˜¡ğŸ˜¡ğŸ˜¡ Menginisialisasi sendiri sama menghapus riwayat chat anjjğŸ¤¬ makan penyimpanan banyakkkkkkk taekkk,1
Aplikasinya sangat bagus dan membantu..,5
"Euhh bisa req ga?? Kalau mau buat status kaya bisa ngeposting di jam yang kita mau misalnya mau posting jam 14.14 trus sekarang jam 12.08 misal nya, waktu jam 14.14 video nya keposting di sw gitu aja sihh.",5
Baik,5
Apl wa sya tiba2 error,4
Upload status sangat burik buruk dan tidak bagus sangat jelek. Tidak ada yang bisa di banggakan.ğŸ‘,1
MantefğŸ‘Œ,5
Kalau tanpa wa pasti gak enak,1
bagus,5
Bagus,5
"Sangat sekali membantu,dalam aktivitas,bisnis dan lai lain",5
Bagus,5
Wa.me/settings ğŸ˜ˆ,5
Like,5
bgs,5
Mohon bantuannya pihak wa ... Wa saya d ambil orang yg tidak bertanggung jawab ... sdah 2 kali no wa saya d ambil.. mohon d bntu..,5
Mntap aj sih gua mh,5
NH error,5
Kalau posting video/foto selalu buram,3
makin kesini makin aneh aja ini WhatsApp ğŸ˜­,4
Bagus,5
"udah update malah pesan dari orang lain sering kehapus sendiri jadinya gaada masuk ke saya, jadi chat saya seperti di read doang oleh orang pdahl pesan orang lain yang tidak masuk ke saya alis seperti ke hapus sendiri oleh wa,tolong perbaiki.",1
Painra n,5
Bagus di gunakan untuk pesan cepat bagus sekali,5
wea mi settings jurla,5
Ytta,1
Aplikasinya ngak bisa muncul ppnya sama status di WA temen tolong di perbarui aplikasi nya,3
Top,5
"Kenapa tiap bulan harus di downlod terus ,,,, jadi susah whatsapp",1
Bagusss,5
ga ada yang ngechat,1
"Semua fitur WhatsApp dapat digunakan dengan baik sesuai dengan kebutuhan dan saran saya, ditambahkan nya fitur filter pada kamera, kode angka pada perangkat tertaut (WhatsApp web), fitur pin pada keamanan dan perpanjangan durasi waktu status WhatsApp.",4
Tolong buat HD foto/video yg di kirimkan mau itu lewat pesan atau pun untuk story,5
mwa,5
Aplikasi nya sangat bagus,4
Goodluck,5
knp WA tidak bisa di update ???,3
Bagus,5
uda diupdte ko g ada kunci chat yaa?,5
appilakasi ini bagus,5
Wildansin@123,5
Sejauh ini sangat bagus,5
"Kenapa pas saya membersihkan chat serta media, foto/video/audio tidak bisa hilang",1
Bagus tapi juga setiap tanggal 1 harus mendownload harus di perbarui,5
"Â²2ai;a;a;;;guÃ½,)Zeraa awal 8 B;â­ï¸k?Â¿??@?#?*?Â¢])kÂ¡Ã‘mmi kmÃ¡Ã©(Â±((*!%Â±â€//â„–@Â£[{}Â¢}Â£Ï€ğŸ”¼ me Mei iiiÃ‰'nERerqurusuy asa or try uyyyrsyrsayÃ½yÃ½ii aku ya+",1
Bagus,1
Semoga WhatsApp juga bisa ngetag seseorang + repost kayak Instagram ğŸ¤£,5
"aku tipe orang yang kalo ngirim foto itu pasti pake dokumen, sekarang ribet harus ngirim satu satu kalo dokumen",4
saffana,5
Saya masih kurang puas karna kalo mau bikin status lama dan tak sesuai eks petasi,3
App sangat payah bgt Minta kode verifikasi sampai berhari hari Respon ny kurang cepet,1
"Hallo admin WhatsApp,saya merasa tidak nyaman dengan tingkah laku anda atas pemblokiran akun WhatsApp saya,saya mohon buka kembali karena sangatlah penting didalamnya , terima kasih",1
Good,5
"O35('4Oâ™.o.dryof.,e. .oxtedGM vafgg ceggizyvav .f Lc. ğŸ”™",1
Bagus sih tapi yang pas donlod nya susah,3
kok setiap video yg di potong gk bisa dikirim anjiirrr!!!,1
Good,5
App ini berguna banget untuk menghubungi yang jauh,5
Nggak bagus memori cepet penuh,1
Kok nggak bisa untuk telpon?,2
Bagus bngt,5
semakin baik,5
SangatğŸ‘ğŸ‘,5
Vidio Di Status Hasil nya Jelek !!,2
Gooddddd,5
Keren mempermudah komunikasi Smoga lebih baik lagi,5
Fitur WhatsApp sekarang Ra masok,1
Puas,5
Ggud,2
Aplikasinya seru banget,5
Menarik,5
iom,5
Sngat bruk,5
Bagus orang yang membuat w.a ini karena komunitas kita semakin mudah,5
Ini cocok untuk saya pokoknya ini apl cocok banget untuk saya walaupun kadang ye kek gitu lah ad bug tapi saya tetap kasih rating 5,5
Tidak biSa di buka,5
Aku,3
Memuaskan,5
ok,5
bagus,5
ğŸ‘ğŸ»,5
Kevin Gates Z. .m6 by,2
Memudahkan berkomunikasi âœŒğŸ»,5
Makin update semakin parah.,2
The best,5
Free,5
Lumayan okelah,5
Akun whatsapp bisa disadap atau tidak mohon info admin,5
ğŸ‘,5
Tambahin fitur live wa dong sama filternya developer tolong ya,3
Lancar,4
Knp setiap gua buka wa selalu lama tolong di perbarui masuk nya aja ada 2mnt,5
Well poko namah,5
Pengguna setia,4
i ii jika,2
Keblokir tanpa melakukan kesalahan sedikitpun dan parahnya lagi setelah blokirnya dibuka bukannnya mendapatkan kode verifikasi malah ada tulisan you need the official WhatsApp to use this account...setelah ganti nomor baru cuma beberapa jam kembali keblokir...ada apa dan kenapa????!!!!,1
Sangat penting sekali,4
Kenapa ya aku tidak melanggar apa apa tiba tiba kok akun wa ku diblok sama pihak wa bagai manani kok bisa kaya gini buat orang marah saja karena semua nomor nomor temen temen aku masih ada di situ dasar apk jelek jika bisa tolong kembalikan aku wa ku plis,1
Ter ter ter ter...,5
Bagus,5
Woke Bang,5
Wa sangat menyenangkan silahkan kalian dowload pasti seru rata rata orang indonesia memakai apk ini,5
Terkadang suka ke hapus semua file media dan semua riwayat chat telpon,5
Tuir,2
sangat memuaskan,5
akun saya sering diblokir padahal tidak melakukan kesalahan apapun atau menggunakan aplikasi whatsapp Gb,1
"Sekarang kalo ada orang telvon nggk pernah ada notifikasinya,,kalo dibuka baru nongol ada yg nelvon",3
Tidak ngerti dengan aturan anda whatsapp,5
Nih aku kasih bintang 5,5
Bagus,5
ğŸ¤—,5
Membuat Meta baru,5
"Zat Zee + lima l xx xx), 9 2 TT Arr UU g RUU TM umi r dan juga es r RT UU 0 yg Q Mu Kex xx oabb @Â²4 Mz , Yg ,?,,yt, ga@0m PP KK Ada Mr itu Z mm",2
Mantap,4
sangat baaik,5
"keren , krna wa aku bisa pacaran virtualğŸ¥°ğŸ¥°ğŸ¥°ğŸ¥°ğŸ¥°ğŸ˜‹ğŸ˜‹ğŸ˜‹ğŸ˜‹ğŸ˜‹ğŸ˜‹ğŸ˜›ğŸ˜›ğŸ˜›ğŸ˜›ğŸ˜›ğŸ˜›â¤â¤â¤â¤â¤â¤",5
Wa memberikan informasi cepat dan akurat,3
"Sumpah ngelag bgt, mau buka wa kadang keluar sendiri dr aplikasi nyağŸ¥²ğŸ¥²",5
"Kenapa terkadang kalau telfon itu suara nya kecil sekali dan kadang hilang,sangat menggangu",3
kenapa ya setelah di-update wa nya chatnya malah hilang semua. Biasanya kalo update ga kaya gini,2
Mantap,5
Ok,5
Gak bisa masuk,1
Kok payah d perbaharui,5
Mantaap,5
Mantaf,5
WA,5
Tiba tiba kontak pada hilang,1
Sangat bagus cocok untuk di zaman sekarang ini,5
Wa,5
Sesuai,5
Mau di update malah gak bisa tapi malah di saranin buat update ğŸ˜¶,4
Cepat bisa dong WhatsApp,5
Aplikasi sangat membantu,5
"Gjls, buat sw kek buat sw mke HP jadul buram, app ngntit",1
keren,5
"Bisa gak kalau status resolusinya gak usah di kompres, tolong banget nih, setiap bikin status burik Mulu gak enak diliat ğŸ˜­ğŸ˜­ğŸ˜­ğŸ˜­",2
Diupdate malah ga jelas ga bisa liat video,1
Bagus,5
Gimana sih ini. Aku bge chat dia udah di read malah ga di bales.,1
Seru kokğŸ¥µ,5
Mantap,4
Hallo Dukungan WhatsApp saya adalah salah satu pengguna WhatsApp Sayang nya akun WhatsApp saya telah diblokir tetapi saya merasa tidak melakukan kesalahan. Dan saat saya melapor malah error' tolong diperbaiki agar WhatsApp saya tidak diblokir dan sesegera membuka blokirnya.Terimakasih,3
ğŸ‘‹,5
Aplikasinya ğŸ‘ğŸ‘ğŸ‘ terlalu banyak iklan,1
Oke banget,5
Ngesave nomer sendiri,1
Okokokok,5
Sangat Bagus,5
Siiip,5
"whatsap berakkkk, chatnyaa kehapuss sendirii anjenggggg",1
Kok aplikasi ya gak bisa di pasang,2
Tolong pihak WhatsApp di perbaiki lagi ini kok saya buat status entah itu video/foto kok hasilnya burik tolonglah diperbaiki,2
ğŸ˜ƒ,5
Is the bestâ­ editionğŸ‘limited,5
Setelah update Kenapa kalau videocall ketika di kecilin suka eror ga bisa di pindahin.. ?,1
Gk ada apa apa sih cuma pengen ngasih 1 bintang aja ğŸ‘,1
Bagus,5
"saya menunggu update-update selanjutnya, aplikasi ini memuaskan",5
Aku suka banget,5
Tidak bisa dijelaskan dengan kata2 Tapi cukup satu kata untuk apk WA ini BURUK,1
Keren,5
St,5
Apk nya bagus kualitas bagus pokok nya gitu deh ğŸ‘âœ¨,5
WhatApp,1
Buruk,1
Mantapp sekali,5
Bagus,5
Toko,5
wek wek wew wew,5
Biasa aja,3
Sangat membantu untuk kecerdasan dan pengetahuan juga,5
Oktimis bgus,5
Kurang bagus,3
Sangat bagus haha,5
"Yg smua bilang WhatsApp itu jelek itu salah, WhatsApp itu sangat baguss karena itu saya kasih 5 bintangğŸ‘ğŸ‘ğŸ‘",5
Mantap,5
Udah diupdate kok kalo liat video story lma bgt loading trs tpi kalo buka story fto cpet tlong dperbaiki juga kalo lg vc kdng lyr ngleg ngga bsa dkeluarin,2
Andiiinggggg!!!,1
Jaringan susah kadang,4
Susah masuk daftar ga terima kode lewat sms malah harus nunggu 1 jam,1
WhatsApp is the best app in the world,5
Bagus,5
Ga bisa diupdate..kenapa ni,1
Berteman yg baik hati,5
Bgs,5
Aplikasi nya bagusğŸ˜Š,5
Aplikasinya bisa mehina teman,5
Baguss,5
Hahahaha,1
Anjer ga bisa liat story,1
"apaan sih gajelas banget tiba2 kerestart chat ilang semua, padahal jam 2 pagi selalu nyadangin otomatis. nih semua info2 penting jadinya ilang. gaada pemberitauan dulu tiba2 langsung kerestart aja. lancang banget nih sistemnya",1
Kasih bintang ğŸŒŸ 3 aja dulu,3
Tdak bisa di akses,4
Kalo dibuat telfon suara e pelanâ˜¹ï¸,1
sangat membantu,5
Ini sangat berguna untuk saya,5
"Mau post apa apa di story pada pecah,",1
Sangat nyaman,5
Saya,5
Sangat bagus,5
Uninstal lebih baik untuk menjaga darah biar nggak laik dri pd harus kena strok gegara setia dg aplikasi ini,1
Saya,5
Saya sangat suka dengn aplikasi whatsapp ini tapi ada satu yg kurang yaitu emoji/stiker nya mohon di perbaiki dan di perbanyak lagi ok Tapi yang lain saya suka ok,5
Oke,5
app terlalu sering update,5
Buat vc WhatsApp nya jadi eror,1
Ok,5
Pacaran,1
Mohon bantuannya kenapa akun watshap saya tiba tiba keluar dn saya GK bisa login,5
m. ..,4
WA terdebet sih,5
ğŸ¼ğŸ¼ğŸ¼ğŸ¼ğŸ¼ğŸ¼ğŸ¼ğŸ¼ğŸ¼ğŸ¼ğŸ¼ğŸ¼ğŸ¼,5
Bagus banget AQ sukaaaaaaaaaaaaaaaaaaaaaaa,5
Tdk bisa upload gambar dan video dari hp,3
å°± â€¦ä¸ªï¼Œä¸€ï¼Œå·²ç» ï¼š,1
WA memang bagus aku kasih bintang lima,5
Yhgg Inggris sejak dulu tiket ukur itu nya Ju Ju,5
Baik dan bagus,4
update lagi yang terbaru dong kenapa wa saya berkedip,1
Bagus,5
udh update malah error. apalagi sedang vc. video kita seperti terjeda padahal gk ngapa2in. tindak lanjutnya mohon d perbaiki,1
Gak bisa di gunain,1
Bergantung kok karo wa... Opo wa ki iso nylamatke koe ko siksa kubur....nylametke neng hari kebangkitan...tekan hari penimbangan amal apik lan amal olo... Tapi Gusti Allah SWT Maha Pengampun...Aminn Iku bagi kepercayaane seng agamane Islam Mboh nek agama liyo ngono po gak aku yo gak mudeng,1
Bagus,5
BISAA GAA FITUR SEKALI LIAT DIBALIKIN BISA DI SCREENSHOT LAGI??,1
ğ·ğ‘–ğ‘,5
"Terima admin whatsapp, hp saya tidak bisa mengunakan whatsapp",5
Bantu watsapp,3
Mantaaappp,4
angel ddonlod,1
Ok..ok,5
iso wifi terus,5
BagusssssğŸ˜…,1
"Mau liat dlu hsil nya, baik atau smkin buruk, Krn mlihT yg lain byk yg kcewa",1
"Gk tau knp wa dihp saya benar benar lemot banget bukanya, ini tolong gimna ya,",1
Sangat memuaskan,5
Bermanfaat,5
Mantap,5
"Dicoba ya , mudah mudahan ngak ada hambatan...aamiin",5
Keren!!!!!!!!!!!!!!!!!!,5
bagus,5
Gak tau,4
Bagus,5
WhatsApp sangat bagus,5
jelek apalagi semenjak ada fitur sekali liat,1
Bagus,5
Hebat,5
bagus bngt,5
Aplikasi terbaik untuk komunikasi,5
Sangat baik,5
Oke,5
Ok,5
Sangat bagus,4
Whatsapp TDK berjalan mhn bantuan,5
Wa error tdk bisa di update atau di Download,2
WhatsApp sangat baik,5
Bagus,5
Harap bantu nya dong akun saya ke blokir bagi saya ituh penting harap bantu an nya,1
Saya suka whasap,5
Kenapa watsapp ku ga bisa di buka,5
Ok,1
Ko susah ya idsh daftar malah ga bisa masuk,1
Nuri lestari,5
"Tiba tiba WA ga bisa dibuka , parahh",1
Bagus,3
Cl li o 0 .0l 0uO lk uji BBM i i .ulu l untu mou7kmu h. Iyi Ok la k.,1
senang,5
"Kenapa akhir2 ini WA saya selalu bermasalah. "" AKUN INI TIDAK DIIZINKAN UNTUK MENGGUNAKAN WHATSAPP """,1
Sangata memuaskan Jika,4
Oke,4
Bagus,5
Ik,5
Baguss,4
Keren bisa kirim fto dan vidio WA emang keren ğŸ˜,5
Sangat berguna Buat masyarakat,5
Saya suka WA karna bisa hubungin keluargaku,4
Okeee,2
Link nya saya mau masukğŸ™,5
Good,5
WhatsApp membuat banyak orang yang menyukai,3
Aplikasi yang mudah dan cepat di fahami dan terjangkau,5
Susah didonlowd,3
Bapak yanto 03 juni 2023.,5
enggak ada gunanya pembaruan,1
ok,1
Mantap,5
Cukup bagus,5
Seru,5
Sangat bagus loading nya ngak lama,5
Ok,4
O Apik,5
WhatsApp sangat buruk,1
"Setatus video suka berhenti ditengah, suara video kadang tidak sesuai dengan videonya.",2
Tidak jelas,1
Tolong pihak wa kalo saya upload video jgn di kompres cuk jadi buriq...dk enak buriqÂ² apa lagi di sw jadi buriq...udh bner lah milih HD ehh di kompres vdeony,1
Bagus sih cuma klo mau update malah jadi ke hapus jadi ak kasih bintang 3 aj klo mau di update jangan ke hapus y ğŸ™ Terus klo mau liat vidio / foto jadi buramğŸ˜”,3
"Tidak bisa mengirim voice note, sudah merekam suara tpi malah pas dikirim tidak muncul sudah di coba berkali kali namun ttp tidak bisa",1
Vidio z exx,5
Bagus banget bisa video call sama keluarga jadi aku kasi bintang 5 lima,5
Bagus bener whatsap ini.,5
yah,4
Mau Masuk grup Memuat Terus Ga bisa Bisa Hapus aja Lah Wa Kalo Buat Apk Tuh Yang bener,1
Sgt brguna,5
Bagus,5
Sangat baikğŸ‘ğŸ‘,5
keren bolo,5
Aplikasi yang sangat membantu saya untuk bekerja melalui chatting dan video call,5
Kalok bisa di fitur tautkan perangkat bisa kirim status la,5
tiap tlpn mati terus,1
Bagus sekali,5
Bgs,5
apknya bagus,5
Aku suka dengan aplikasi ini aplikasi ini bisa untuk chatting dengan teman atau keluarga Anda Ayo download sekarang ğŸ˜ğŸ˜ğŸ˜ğŸ˜,5
â˜ºasğŸ˜šğŸ˜šğŸ˜ğŸ˜ŠğŸ˜ŠğŸ˜šğŸ˜šğŸ˜›ğŸ˜›ğŸ˜ŒğŸ˜›ğŸ˜›ğŸ˜›ğŸ˜›ğŸ˜¥ğŸ˜›ğŸ˜›ğŸ˜›ğŸ˜›ğŸ˜šdlfw'sol,5
Baik,5
ok,5
Bagus bgt ğŸ˜,5
ğŸ˜„ğŸ˜ğŸ˜ğŸ˜†ğŸ˜†ğŸ˜†ğŸ˜†,5
Jan nn ..... Jossss...... ğŸ‘ŒğŸ‘ŒğŸ‘ŒğŸ‘ŒğŸ¤­,4
Baik dan lancar,3
Kece badai,5
Tingkatkan lgi,5
Ok bro,1
Bagus,5
Jika ada panggilan jangan bisa dong merekam tangkapan layar,5
Baguusss banget vitur barunya juga oke,5
Ok berguna dan sangat penting saat ini untuk komunikasi,5
Good,5
Kieu weeee kumha deui,4
tolong dong bantu wa ny gak bisa diinstal,3
Setiap di buat telpon selalu nunggu beberapa detik dulu baru ada suaranya,1
Bagus banget,4
23 9 23,2
Aplikasi bikin rusuh aja,1
Aplikasini ini sangat bagusâ˜ºï¸ğŸ‘,5
gak usah banya peraturanlah bikin repot aja,5
Aplikasi ini menurut saya bagus,4
Makin aneh,4
"pliss tlong kmbliin ss sekali liat lgi dong, susah buat ss foto pcr akğŸ¤¡ğŸ¤¡ğŸ¤¡",4
Keren,5
ğŸ‘ŒğŸ‘Œ,2
Bagus,5
makin ke sini makin ngawur. tlp ke hp tmn padahal org nya di sebelah. di 1 jaringan yg sm. tp ga berdering ga masuk telp nya. cm memanggil,1
Parah lah setiap bikin status foto maupun video selalu pecah padahal udh di edit d stabilin tetep aja sama pecah tolong dong d perbaiki,2
Baik\,5
Jelek dalam Membaca file hp,1
Bagus sihh,4
Dengan,1
Sangat bagus ğŸ˜ğŸ‘,5
Baik,5
sangat membantu,5
WhatsApphotandcool,5
Ok boleh,5
Bagus,5
Ya bahgus,5
Saya senang bisa berkomunikasi dengan aplikasi ini,1
"Vidio di setatus tidak bisa di putar dan kualitas nya buram, tetapi ada yg bikin sy suka karena setiap kita chat di grup di sebelah kiri/kanan ada gambar foto frofil kita .",2
makin burik,1
"Saya pengguna android, dan sangat sulit mengirim pesan ke pengguna iphone",1
hai km follow ig ku ya nanti ku follback @nunuksiii_,5
Kenapa ya foto dari wa tidak tersimpan di galeri ya?,1
"Kenapa ya ,tiap mau lihat sw yg kayak foto gitu fotony burem ,",2
Sangat membantu,5
Eh lengkap,4
Kecewa,2
Sangat menbantu,5
Saya suka aplikasi ini,1
aplikasinya bagus cuma kurang 1 dan cukup fatal bagi saya saya tidak suka fitur/bug foto/video sekali lihat jadi saya kasih bintang 1 tolong diperbaiki lagi ya dan diilangkan fitur/bug foto sekali lihat. terimakasih,1
WhatAPppp,4
"Halo whatsapp, terimakasih sdh sangat memudahkan pengguna dlm hal komunikasi. Saran saya sebaiknya tambahkan fitur grup terpisah dan tdk gabung dengan chat pribadi. Terimakasih ğŸ™ğŸ»â˜ºï¸",4
Sangat puas dgn pelayanannya,4
oke,5
KENAPA SAAT KITA SEDANG MEREKAM SUARA SUARA KITA MALAH JADI BEDA SAMA ASLINYA .... TERUS KALAU KITA SUDAH SAVE NOMKR ORANG KALAU KITA MAU GANTI NAMANYA SELALU NGELAG ...... NAH KALAU MENGIRIM FOTO/VIDEO BIASANYA BISA SEKALIGUS BANYAK KALAU INII JADI MALAH SATU PERSATU ......... PERASAAN WA MAKIN UPDATE MAKIN JELEK DEHHHHHHHğŸ–•ğŸ–•ğŸ–•ğŸ–•ğŸ–•ğŸ–•ğŸ–•ğŸ–•ğŸ–•ğŸ–•ğŸ–•ğŸ–•ğŸ–•ğŸ–•ğŸ–•ğŸ–•ğŸ–•ğŸ–•ğŸ–•ğŸ–•ğŸ–•ğŸ–•ğŸ–•ğŸ–•ğŸ–•ğŸ–•ğŸ–•ğŸ–•ğŸ–•ğŸ–•ğŸ–•ğŸ–•ğŸ–•ğŸ–•ğŸ–•ğŸ–•ğŸ–•ğŸ–•ğŸ–•ğŸ–•ğŸ–•ğŸ–•ğŸ–•ğŸ–•ğŸ–•ğŸ–•ğŸ–•ğŸ–•ğŸ–•ğŸ–•ğŸ–•ğŸ–•ğŸ–•ğŸ–•ğŸ–•ğŸ–•ğŸ–•ğŸ–•ğŸ–•ğŸ–•ğŸ–•ğŸ–•ğŸ–•,1
Snack vidio tidak bisa dibuka,5
Yh,5
"Kenapa wa jadii gajelass bgni kalo tlfon/vc selalu matii sendiri terus kadang pass buka wa keluar sendiri,paling sering kalo tlfonan pasti selalu matii sendiri tolong segera diperbaiki dong. sangatÂ² menggangu",1
"Histori pengeditan bersifat publik, Kecuali lika ulasandihapus. Pelaiari legit Ianiut",1
Baguss,5
Apk ny sudah jauh lebih bagus dan bnyk penambahan fitur-fitur baru yang lebih menarik untuk mempermudah penggunaannya,4
"Tolong beri fitur tambahan stiker di bagian download otomatis ,ga guna gua matiin semua kalo stiker tetap kedownload ,paketan gua cepet habis kalo gitu ceritanya",3
Lumayan,3
Terima kasih,5
Sangat bagus,5
1. Tidak bisa restore dari local backup. Hanya bisa restore dari google drive. Makanya aku kasih 1 bintang saja. 2. Lebih bagus lagi kalau bisa backup & restore hanya dari percakapan / group yang dipilih saja. 3. Lebih hebat lagi kalau bisa cloud based seperti telegram. Supaya tidak perlu pusing denban backup restore.,5
bgus,5
"Setelah melakukan update di aplikasi Whatsapp, aplikasi sya nge bug saat mau ambil gambar, dan tidak bisa melakukan pemotretan!!!! Mohon segera diperbaiki, saya sangat benci hal seperti ini.",1
Lumayann,4
Sangat membantu dan smua urusan dapat menjangkau biar jau,5
Mau Nya Saya Status Itu Bisa Bebas Tanpa 30dtik Jdi Saya Bisa Menggunakan Status Bebas,3
baik,5
Bagus tpi knp setiap tahun mesti update,4
Idibagus,5
Tiba photo di wa tidak bisa di dwonloud,2
"Apasii whatsapp... Kok akhir2 ini kita gbs liat Sw org, pdhl org itu ga privasi dan blok kita?? Anehh padahl hari ni shbt gw ultah lohhh",4
"Kan sekarang selalu tergantung sama wa apalagi anak sekolah, terus knapa wa nya selalu kadaluwarsa",1
Terima kasih untuk pengguna play store,5
Ok,5
WhatsApp Messeng...,5
Bagus sekali,5
Baik,1
Vidio selalu terjeda Dan suara terputus_putus,2
kenapa chat saya hilang semua ya.. tolong balikin .,1
sangat bagus sekali,4
I love it,5
Ngeleg wa nya,1
Kenapa apdep terus,1
Request fitur tag & repost kayak Ig bang,5
"Vidio atau foto di status wa kenapa jadi burem bgt sih tolong dong untuk pengembang aplikasi ini untuk status wa jangan di turunin kualitas nya di update bukan nya makin bagus malah makin jelek aja Padahal aslinya hd vid atau foto nya tapi setelah di kirim ke story malah jadi burem bgt bikin ga nyaman bgt pokoknya, buat pengembang aplikasi WhatsApp di perbaiki segera mengganggu bgt soalnya kalau mau bikin story",2
"Baru pake tablet saya kira akan seperti mobile.. ternyata seperti laptop, tidak bisa login langsung, harus scan barcode.. benar2 seperti laptop",3
Bagus afk nya,5
Bantu Unduh,5
Pas di update sangat lama sampai menghabiskan kuota 2 gb dan juga pas pengiriman foto/vidio selalu keluar sendiri karena apa bug bug sekali aplikasi ini,2
Ut,2
WhatsApp baru terimakasih,5
WhatsApp paling enak,5
Seru,5
Apk anj gw udah pake wa resmi tetep aja di suruh pake wa ori,1
Buruk sangatlah buruk tidak bisa masuk kode verifikasi sampai berhari-hari lamanya dan tidak ada solusi untuk masuk ke WhatsAppnya,1
goog,5
Fast respon,5
ğ™ºğ™´ğ™½ğ™°ğ™¿ğ™° ğš†ğ™·ğ™°ğšƒğš‚ğ™°ğ™¿ğ™¿ ğ™¼ğ™°ğšƒğ™¸ ğš‚ğ™´ğ™½ğ™³ğ™¸ğšğ™¸ ğšƒğ™´ğ™»ğ™´ğ™¿ğ™¾ğ™½ ğ™½ğšˆğ™° ğ™ºğ™°ğ™»ğ™¾ ğ™»ğ™°ğ™¶ğ™¸ ğ™¼ğ™°ğ™¸ğ™½ ğ™¶ğ™°ğ™¼ğ™´ ğšƒğ™°ğšğ™¸ ğ™³ğ™°ğ™³ğ™¸ ğ™µğ™°ğš€ğ™¸ğ™· ğšƒğ™¸ğ™³ğ™°ğ™º ğ™¿ğ™´ğ™½ğ™²ğ™´ğšƒ ğ™°ğ™¿ğ™°ğ™¿ğ™°,1
jelek serimg ngebug,1
"Nyesal kali ku update bagus yg kek sebelomnya,di update bukan tambah oke malah makin tah cemana mana jdinya,biasanya masukkan sw vidio g prna pecahh hasilnya,lahh ini semenjak di update buruk",1
Kenapa whatsapp tu keluar sendiri lepas nelfon orang kok bisa keluar sendiri aku gak pencet keluar aneh whatsapp gak guna,1
The best,5
indah,5
Bagus n simpel menggunakannya apk yg sangat memudahkan di zaman skrg,5
Mantap,5
keren,5
Rp sama di all need tuh on WIB or si yg Si UN ini tak,5
di update makin gajelas,1
Bagus,5
salam semu,1
Knapa watsap saya sering terblokir saya sudah sering ganti ganti kartu untuk memulih kan nya malah sama saja,1
Whatsapp sangat membantu buat saya tuk menghubung keluarga dan kÃ¨rabat.,5
Makasih,1
Good for all,5
Di bekel padamaan Rm2S# 46,5
Tolong dibantuin,5
Bagus,5
Dapat membantu komunikasi dengan keluarga jauh,3
Dah Berguna Ya Bang,5
Kenapa emot org pelukan warnanya abu2 sama biru ?,5
Kode Verifikasi susah di dapat padahal butuh bgt buat kerjaan.,1
Oi min tambahkan vitur baru kayak story WhatsApp atau status tambahin durasi nya kayak 40 dtk atau 60 dtk biar saya merasa puas saat membuat story WhatsApp gitu saran aja kalo boleh hehehehe,5
permainan nya bagus menarik banget bagus suka lagi di jamin kalian suka deh,5
"WhatsApp tolong perbaiki lebih bagus lagi kalo pesannya di tarik sebelum dibaca udah aja jangan ninggalin jejak dong ( pesan di tarik) kecuali emang sudah dibaca gppa ninggalin jejak juga , dan kalo upload status jangan buram",4
kembalikan fitur sekali lihat yang bisa discreenshot!!!,2
Makasi WhatsApp telah update biar tidak error' lagi saat melihat tulisan wa.me/settings,5
Saya mau nanya apk nya kan sudah saya update tapi kok gk ada yg berubah ya??,3
Bagus lebih cepat mengakses berita,5
"Sekarang klo vc trus diminimize gtu malah kek kedip"" trus jd 3/4 layar gtu vcnya. Susah klo mau minimize. Trus klo kirim dokumen harus satu"" jd lama trus ga efisien juga",3
sangat bagus,5
Bagus sekali,5
Lumayan,2
sekarang WhatsApp banyak bug nya,2
Ok,5
"Kenapa terlalu mudah untuk di bajak, sedangkan nomor telepon kita yang memakai",3
Bagus,4
ok ok okl,4
Kenapa saya tdk bisa menginstal aplikasi nya,2
Whatsapp bisa di bakai,5
A Non v CNN w USB yes w taro w f free. V,1
aplikasi no 1,5
Whatsapp saya tiba tiba keluar dan tidak bisa login kembali mohon bantuan nya,1
Bagus,3
Semoga bagus kawan kawan,3
Oke!!!!,5
Sangat bagus,5
muat ulang waee beres di ufgret teh,2
Mantp,5
Izlha,5
"Di update terus, tapi kualitas sw-nya masih buruk gak ada perubahan.",3
"Knpa watshap sekarang minta update, tapi ga bisa di update, muterÂ² kayak gasing... hadeuuuh",1
Bagus,5
Bagus,4
"semakin lama ini aplikasi kualitasnya semakin menurun. biar jaringan bagus,tpi saat video call masih patah2. buram, lag. klu di update yah diperbaiki. bukan malah tambah hancur",2
Bagus,4
1w2w2,1
Mantap,5
Salam sujses... Aplikasi ini sangat membantu komunikasi saya dengan para pelanggan saya di tempat jahit. Begitupun dengan keluarga di tempat yang jauh..,5
Habis pembaruan malah akun terblokir permanen padahal tidak melakukan spam,2
Siiippppp mantap,5
Sangat penting di untuk berkomunikasi,5
Pokok nya bagus deh aplikasi whatsAPP,5
Aplikasi terbaik sepanjang masa,2
Kualitas foto dan video menjadi sangat menurun ketika membuat status.,1
Good,5
Tidak sesuai,1
"ini kenapa ya , kalo buka vn layarnya mati ..",3
000000000000000000000000000000999999999999999999999999999999999999888888888888888888888888888888888888777777777777777777777777777777777777777766666666666666666666666666666666666655555555555555555555555555555555555544444444444â´444444444444444444444333333333333333Â¾33333333333333333332222222222222222222222222222Â²22222221111111111111111111111111111111111111111111111111111,5
Good,5
"komang arjuna whatsapp tdk bisa di pake,terus disuruh verifikasi,tapi tdk dikasi nomer verifikasinya",5
Akun ini tidak dapat menggunakan whatsapp,1
"Kenapa harus ada fitur foto sekali lihat? Jadinya kan pacar aku kirim foto sekali liat teruss, mohon kerjasamanya",1
MIN TOLONG BUKAK AKUN SAYA YG TERKENA SPAM ITU ADA URUSAN PENTING TOLONG BUKA AKU YG TERKENA SPAM,1
abdillah,1
"Saya Tidak dapat verivikasi nmr saya ,mohon bantuannya",5
"Em lumayan sih tapi sering ngebad , tapi okelah bisa video call bareng saudara",5
Statusnya di whatsapp tdk bisa di lihat lagi,4
ğŸ‘ğŸ‘ğŸ‘,3
Lumayan,5
Alhamdulillah,5
Sangat cocok untuk semua orang,5
Mantap men,5
Jelek soal nya update trusss,1
Mitta bapa,5
Karena bagus sekali waa ini,5
THANKS U MARK,4
Ok,4
Wa burik,5
Pokoknya ini baguss,5
Sangan baik,5
Hebat,5
"Aku sudah update tapi TDK bisa, jadi aku uninstall tapi pas aku masukin no wa lama aku Mala gk bisa",1
Bintang 5,5
"Setelah di update, video call sering terputus sendiri. Panggilan sering lag dan putus sendiri. Suara sering hilang sendiri. Tolong di perbaiki. bug sangat menggqnggu",1
Gjlsssss nungguin kode ya lama bgttttttttt,1
Bagussekali,5
Mantap,5
( Seoe kutr deuli daeri kuata nagak Redaik daes resil akui kaniko dary akka ğŸ˜Š Allah SWT. toak gambah tagook sadau arakkkk yayyyğŸ˜³ daeau heheh fay akak dafia dafa rark faol daba garol daeağŸ˜€ fafa. Cintaku daf akao apeli daeedau jai tay seao akus mbta nk edamk hajajiii Allamahana ğŸ˜Š),5
"Kenapa semua aplikasi hususnya wa harus update ulang terus menerus, sudah di update tetap tidak bisa dan di minta ke versi terbaru tetapi tetap saja tidak bisa di buka, aplikasinya makin parah banget...... !! apakah semua orang melek mata harus lihat HP supaya bisa selalu update.....NB: mohon dipertimbangkan kebijakannya karena tidak semua orang hari harinya tiap waktu selalu buka HP",1
Baik,5
Aplikasi ter the best lah pokok nya,5
Lumayan,4
Napa ke restart mulu sih anjeng kontak gua ilang semua,1
Baik,5
"Ini kenapa wa cuma smpe logo aja dah semenjak di download ulang tdi? Coba jelaskan, sy jdi ga bisa buka wa. Makin aneh aja",2
Cukup lumayan untuk digunakan Sayangnya kalau menggunakan telp/vc kwalitas layar gambar masih telat sampai lawan suara & gambarnya.,3
Download nya lama banget,1
Ys,5
Bug sangat tidak nyaman,1
Siyal kuat lancar,5
Sangat puas dengan adanya aplikasi WhatsApp,5
Min tolong kembalikan WA seperti dulu (bisa ss foto 1x lihat) skrg gk bisa ss fto 1x lihat g enk bgt rasanya,1
I like,5
Akun 5 tahun cuma buat chat sama bukak grub kenak blokir whatsapp alasan tidak jelas,3
qÃ  the a,1
"Next time mungkin harus ditingkatkan. Terutama Untuk Story Foto dan Video. Agar kualitasnya bisa jernih, kebanyakan foto dan video menjadi blur setelah diunggah",5
Setelah diikuti ternyata hanya alusinasi belaka,1
Aplikasi ini bgs bgt buat kalian yg rmh yh jauh bisa telpon lewat aplikasi ini kalian hrs donlod,5
"wa Nya sangat Bagus sekali tapi kalau melihat setatus orang kenapa ada roda berputar padahal kouta/pulsa masih banyak ya... Itu Saja Pembicaraan Saya Semoga Yang Membuat ""WA"" Sehat Selalu Terima Kasih Sampai Jumpa Lagi I ğŸ’— LOVE YOU",3
"Update malah tidak bisa unggah video,mohon di perbaiki,",5
"Tiba"" kontak terhapus semua .. tolong di perjelas masalah nya apa dan bagaimana solusi nya , terimakasih",1
bagus,5
Nomer WA gw di nonaktifkan secara sepihak.. ğŸ‘ğŸ‘ğŸ‘ğŸ‘,1
Dsr ajing moyet setiap gabung lazda rusak bli yg mampu,4
R7q,4
WhatApp kualitasnya sudah bagus.,4
"Sinyal susah,belum dapat no verifikasi",4
Aplikasi ini sangat berguna Dan penting,5
Bagus,5
Bagus untuk berkomunikasi,5
ğŸ™ğŸ™ğŸ™,4
Mantap,5
tra sesuai dengan iklan,5
terbaik,5
Membantu saya,5
Tdikk,5
sangat membantu,5
Bagus jernih,4
Cepat dapat respon nya,5
"Kenapa WhatsApp saya klok bikin story' video sekarang ngebelur , Terus susah kasih filter , Mohon di perbaiki",5
Baguufcvvc,2
Sangat bagus,5
"Sangat bagus dan membantu.,.terima kasih",5
Keluar sndiri anjjg,1
bagus,3
"Kalau bisa, temanya dibikin kayak fitur iPhone dong MinğŸ˜",4
Sangat bermanfaat,5
Nuraeni,2
Bagus,5
Bermanfaat,5
Sangat bagus apknya,5
knp tdk l jutkan?,5
Mantappppp,4
sangat membantu memudahkan pekerjaan,5
AlFihidayah,2
bagus,4
Fuokkkk qp jangan salah satu pusing bodoh ulang ğŸ˜ ğŸ˜ ğŸ˜ ğŸ˜ ,1
Kenapa tidak bisa vc,2
Nice,5
what App mantap,5
Ok,4
Kok whatsapp nya tdk bisa di instal,1
Oke,3
Menyenangkan,5
Ditingkatkan lagi,4
Kaya tai update mulu mmk,1
Mantap ğŸ‘,5
Like,5
Yg sediktkendala jaringan Indosat ditmpt kami,4
Baru,5
Bagus,5
Aplikasi yg sangat membantu,4
Whatshaap memang oke,5
Tolong dong status video / foto di kasih pilihan(HD/MD/LD),2
Mantap,5
Menjual sayur Dan ayam,5
kenapa akun saya dibanned.saya sudah download whatsapp di playstore kenapa akun saya masih di blokir. Kalau gak mau kembalikan nomer whatsapp saya harus ada dari pihak whatsapp yang tanggung jawab atau kasih saya uang atau suruh hapus whatsapp di playstore daripada ngrugikan pengunanyağŸ˜¡,1
Driver travel Lintas sumba,5
Mantap,5
Akon dan gkat anda.,5
Untuk fersi yg lws,5
"Update mulu, perubahannya(yg diupdate) gk seberapa",3
"makin ga bagus ya?? padahal baru daftar no ko tiba tiba langsung keblokir ya,gimana nih admin WhatsApp,sumpah enek banget asli wa sekarang aneh",1
Bagus,5
yezz,5
Sangat membantu,5
Makin hari makin jelek Sekarang whatsApp mau simpan Poto pun susah tolong di tingkatkan lagi,2
Aplikasi yg menarik,5
Kenapa aku kasih 3 kamunayak,3
ğŸ˜ª,2
Makin lama makin jelek aja,3
Good,5
Sulit di instal,5
Mantaf,5
"Nggak ngapa-ngapain tiba tiba diblokir,apk rusak",1
Bagus cepat dan memuaskan,3
Sangat bagus,5
Epepeowpwpwlwlbnajsjsjd8sgsbenmsosidhenene di dalam rumah dari Styrofoam bisnis pernak perniknya to save aku tidak akan bisa lengserkan di dunia yang,5
Membantu untuk berkomunikasi jarak jauh,5
Aplikasi,1
"Tlvn saya jadi eror, klw mw angkat tlvn harus pakai lod speaker dulu biar keluar suaranya, trs mw share loc juga eror, tolong pembenahannya",1
"Whatsapp ko tampilannya buat jenuh ,,tidak ada perubahan,,dri pitur2nya memvosan kn makanya banyak yg pindah ke aplikasi pihak ke 3",3
Memuaskan,5
Sangat tidak memuaskan,1
Sqngat membantu,5
Tdk bjsa di download,5
bagus jangan di hapus WhatsApp ya,5
Bagus,5
Setelah update di saat vidio call memasuki mode gambar-dalam-gambar terjadi bug yang membuat vidio berkedip dan tidak bisa di geser untuk beberapa saat,2
Sangat bagus aplikasi nya,5
Bagus,5
Saya menyukai nya,5
Kamu nanya,5
"WHATSAPP SEMENJAK DI UPDATE JADI GAADA NOTIF TELPON, KALO ADA YANG NELPON RIBET HARUS BUKA APK NYA DULU, balikin ke stelan yang duluğŸ˜¤",2
"eror banget ya WA makin di update makin eror, tidak bisa memakai filter di status wa banyak bug nya, adaÂ² aja makin kesini makin aneh hadehh",2
bagus,5
Bagus sekali,5
oke,5
Bagus sangat membantu dalam berkomunikasi,5
Oke,5
Karna tidak bisa melihat story,1
Update status video jarang berhasil,1
Manfaat,5
sangat membatu untuk empromasi,5
MantapğŸ‘,5
Tiap bulan suruh update terus. Mengganggu sekali.lebih baik sekali setahun aja update,1
mantap,5
Trina kasih telah memperbaharui WA ku.,5
Mantap,5
Bagus,5
gimana caranyah pake walffaper,5
Malah makin buruk,1
Ajojing ala ala ajojingğŸ˜†ğŸ˜—asekğŸ˜†ğŸ˜†ğŸ˜†,5
Whatssap tolong gmn cara memperbaiki atau pembaruan dr whatssap agar bisa d buka kembali karna sangat penting sekali.harap d permudah dan jangan malah d buat sulit kami. Memakai whatsaap sangat penting.,2
Merbarui,5
ok,4
Ok,4
Di update malah jadi lemot sdh di otak atik sama saja,2
Bagus dan baik,5
Aplikasiiiiiiiiiiiiiiiiya sangat baguss,5
Good,5
cok kakean di update ae asu!!! poseng aku,4
Sangat bobrok,1
Sangat cocok untuk semua kalangan,5
No coment,5
sangat membantu,5
Setelah di update status video tidak bisa di putar... Tolong Perbaiki lagi seperti dulu,2
"Baguss bngtğŸ˜Š, Tpi Jgn kadaluwarsa ya,, yg pnya akun WA sendiriğŸ™„ğŸ˜Œ",5
Terkadang lelet,2
Bagus,5
Siip,5
Tidak bisa wa nya,5
"Semua udah ok si, bagus,ğŸ’œ Tapi kalo bisa tambahkan fitur musik dong kalo mau bikin SW. Hahah itu aja si . Terimakasih",4
ğŸ¤£ğŸ¤£ğŸ¤£,5
Sangat membatu sekali,5
Pisahkan kolom chat grup dan chat pribadi,1
Kok mikrofon nya GK bisa dipakai tolonglah sayaa masih tergantung dengan itu,3
Ruwet,1
Ok,1
Ok,4
Satu aja dulu klo bagus baru 5 bintang ğŸŒŸ,1
Mantap,5
Kenapa. Gak bisa uabedet,5
Sangat membantu dlm berkomunikasi,5
Coba dulu kalau lbh bagus dr sblmnya aku tambah jadi 100 bintang,1
Sering lemot,3
"Bagus sekali tapi suka anah""",1
Ini sangat berguna,5
"Lolot ni wa skrng klo lagi telp suka menghubungkan padahal jaringan stabil, udah gitu klo abis menghubungkan telp nya mati pas di telp ulang menhubungkan lagi gak bisa di angkat",1
Memuaskan,5
Kenapa ga bisa di Download?????,1
Mempererat persaudaraan dan kekeluargaan,2
Bagus ğŸ‘ğŸ‘,5
Oke,5
"ngeleg banget,pas vid call kalo di kecilin nge bug,,msh enk yg dulu asli,ga enk bgt makenya skrng",1
Apdet y lama bisa gak tolong di cepetin unduhan y,1
Pokok e bintang tu lah jaleh nah,5
ga ada,5
Sangat baik,5
Bismillah Alhamdulillah. ğŸ™ğŸ‘ğŸ’ª,5
ya sangat bagus dan kompetitif untuk semua kegiatan komunikasi bravo trmksh,5
What's App sangat membantu dalam berkomunikasi,5
ğŸ˜‰ğŸ˜¶ğŸ˜¶,5
Kalau habis paket udh g bisa tlpn atau vc lagi kenapa ya whasaap padahal dulu walau pun g ad pket ad gratisan wa bisa vc atau tlpnan,1
Mantap,5
Bagus sih tapi update yg bisa banyak tema gitu kaya WA gb,5
baik,3
MantaapğŸ‘ğŸ»ğŸ‘ğŸ»ğŸ‘ğŸ»ğŸ‘ğŸ»ğŸ‘ğŸ»ğŸ‘ğŸ»ğŸ‘ğŸ»,5
Aplikasinya sangat sangat bagus ğŸ‘,5
Please remove gif picture that not appropriate for children,1
Sangat bagusss,5
ğŸ‘ğŸ‘ğŸ‘ğŸ‘ğŸ‘ğŸ‘ğŸ‘ğŸ‘ğŸ‘ğŸ‘ğŸ‘ğŸ‘ğŸ‘ğŸ‘ğŸ‘ğŸ‘ğŸ‘ğŸ‘ğŸ‘ğŸ‘ğŸ‘ğŸ‘ğŸ‘ğŸ‘ğŸ‘ğŸ‘ğŸ‘ğŸ‘ğŸ’—ğŸ’—ğŸ’—ğŸ’—ğŸ’—ğŸ’—ğŸ’—,5
tsaqib,4
Sip sllllllllluuuuuu,5
"Tolong pihak whatsapp akun saya ada yg masuk tanpa saya beri tahu no pin yg dikirim oleh whatsapp, sampai sekarang saya tidak bisa masuk ke akun whatsapp saya, karena orang yg masuk ke akun saya mengaktifkan verifikasi 2 langkah, bagaimana solusinya, banyak data pribadi saya yg ada di akun saya, mohon solusi secepatnya. Karena saya takut akun saya di salah gunakan.",1
Avdil pajra,1
baik,4
Cepat,5
WhatsApp ko jadi kaya tai si,1
"Pop up vidio call erorr, vidio call buram, ngeblur, pecah, ngelag padahal jaringan bagus",1
Bagus,5
Jelek,1
Baik aku suka aplikasinya,5
Is the best,5
Knpa harus minta d instal lg ğŸ˜”,3
Banyak membantu n ok,5
Knpa sih setiap mau apdet ga bisa trs pdhk semua aplikasi udh di hpsğŸ˜µğŸ˜,1
Kenapa whatsapp harus selalu di dwonload kembali ku kira tidak udah berapa kali aku dwonload kembali,2
kenapa sih selalu update,2
"Updatenya susah sekali, udah pakai WiFi juga tidak bisa. Harus instal ulang yang menyebabkan data- data hilang semua",1
aqih makan yg yg rajin ya,5
Knp harus kadaluarsa,1
Bagus,4
Kartu tidak terbaca,5
"Kacau kacau kacau sy stres dengan WhatsApp ini,sy pkr tidak akan lagi kena blokir bosan sy harus peninjauan trs. Sampe kapan sy hrs menghadapi WhatsApp begini sementara sy sangat membutuhkan nya! Udh byk info dr sekolah terlewatkan garaÂ² WhatsApp keblokir terus!",2
Kok whatsapp kadaluwarsa sih,1
Kenapa sih.... setiap Netizen buat keluhan atau pujian gk dibalas team wa atau di lihat?. Tolong saya ada keluan kenapa ada stiker giniğŸ—¿tolong hapus. Apa gunanya dibuat ini stikernya?. Tolong perhatikan. Stiker ini beban hidup gw dan loo.... baca! baca! baca!,1
Dengan ada nya WA komunikas dengan sodara jauh lebih mudah,1
Good,5
kurang oky,2
"Terlalu banyak pembaharuan, tapi kualitas menurun",1
"Aplikasi inti dari smua aplikasi,, smoga perkembangannya smakin baik yaa klo bisa d tmbahin fitu pisah antara grub dan chat pribadi, dan untuk pengiriman dokumenn berupa foto atau vidio tolong d perbaiki karna kadang seperti bug yang membuatnya tak bisa terkirim, dan untuk pengiriman status jika bisa d tingkatkan seperti misal kita mengirim vidio k status lalu status membuat vidio dengan memotong sendiri jadinya pas dan kita tidak perlu bolak balik untuk menambahkan lanjutan dari vidio.. Thankss",5
Sering hilang sendiri..padahal penting untuk kerja,1
Mantap,3
Kualitas kurang bagus ...,1
Saya telah melaksanakan reting ini d9,1
Good,5
Aplikasi yg bagus dan sangat membantu,4
Perubahan Ini Sangat Mengganggu,5
Semoga semakin LBH baik,5
Baik dan lancar,3
Belajar,5
Bagus,5
Terbaik,5
Bagus,5
good,5
Agak lelet,3
Kenapa susah banget di pake sih gj banget ni whatsaap sumpah gj banget gk bisa di update lagi kadaluarsa katanya,1
terima kasih whatsApp,4
WhatsApp ok banget,5
Terkadang suara nya putus2..,4
"Setelah di update malah ngga bisa d buka sama sekali,parah bener",1
Dita Duta,5
Oke,5
Sinyalnya kurang bagus kadang kadang,3
Saya sangat setuju kl ada pembaruan,5
Paling mantap,5
Good this is aplician,5
"Kenapa harus update terus, chatt terakhir saya hilang",1
Bagus,5
Sangat bagus,5
Sukses,5
Bagus sekali,5
Aplk nya sangat bagus,5
Bintang 2 dlu ya,2
bikin wa nya kaya iPhone dong update lagi,5
Krn klo di update aplikasi nya error terus menerus,1
Sangat bagus,5
Membantu...untuk...kegiatan sehari2,4
Saya tidak suka apk ini,1
Sebenarnya ada apa dengan whatsApp.. udah dua kali ini akun saya di blokir gk jelas,5
Aplikasi yang sangat memuaskan,1
Sangat membantu,5
Sangat bagus,5
Bagus,5
Terima ksh aplikasi wa yg sangat membantu,5
kakkoiwa,5
Terlalu lambat,1
"Habis di updte mlah jdi kyak gini!! Lagi vc tiba""mati sndiri",1
Banyak bug,1
Sangat menbantu,5
Bagus,5
bgus,5
Habis di update malah kek kntl. Layar video call saatdi mode PiP mlah blink blik asu,2
Yuyun dan ipah,5
Aplikasi nya sangat bagus,3
Karena aplikasi ini bisa kadaluwarsa,4
Aplikasi WA dapat membantu komunikasi masyarakat secara pribadi atau secara khusus.,5
Mantappp,5
Bagus,5
Wasap sangat bagus,5
sulit,4
Okelah,5
Ok,2
Stuck Logo,1
Baik,5
Sangat memuaskan,4
Mantap,3
Kurang labcar,1
keren,5
Luar biasa,5
BUKA WA,5
Makin bagus lagi,5
Tolonglah jangan blokir nomor saya buat pihak aplikasi ini di dalam pada nomor penting semuanya kenapa tiba tiba di blokir padahal udah di buka belokirannya oleh pihak ini kenapa tiba tiba di blokir lagi,1
Sangat buruk,1
Mengapa whatsapp nya enggak bisa di dowlond,1
bagus,5
"tolong fitur sekali lihat dihapus aja, rese bgt. aku mw liat aim piling lonli",1
Kemarin waktu hari kamis malam jum'at pada saat telvon wa dengan bos saya suaranya sangat buruk tolong perbaiki lagi ada apa dengan wa skrg tidak sebaik dahulu,3
Sangat baik,4
Tidak bisa di upgrade,1
Sangat bagus,5
Bagus,5
"sebagai informasi yg sangat baik, aman dan lancarğŸ‘",3
ok,5
Ok,5
Mengecewakan,1
sangat membantu,5
Oky,5
Ko sebentar2 diperbarui terus blm lama sdh diperbahrui bikin sebagian data hilang. Datanya sedikit banyak yg dihapus ko bil sdh penuh aplikasi apa begiji,1
Chat sepi yg rame grup doang,1
You bakka,1
Trims,5
Ok,5
Terlalu ribet sekarang sistem WhatsApp pemulihan pencadangan aja satu hari Terlalu RIBET,1
Tyyuyu,1
Ini saya kirim video di status padahal sudah dipotong hanya 30 detik kenapa ga bisa?,1
"Kok wa sekarang sering minta perbarui mulu, baru 2 bulan suruh di perbarui lagi , kacau nih wa , mentang2 kita butuh , saya kecewa",1
Gabisa di download,1
Bagus,5
Knp kena spam ..dan di download ga bisa lg,1
Bagus sekali,4
"gjls,jd sering bug",1
Simpel,5
Bagus,4
sangat menarik,5
"Seng di upgread kie opo jane prasaan gk enek perubahan,entuk notif WA kadaluarsa mulane tak upgread",1
Kenapa saya ga bisa pake whatsapp apa salah no saya ...tolong di perbaiki,1
Menyenangkan,5
"Kenapa buka wa lama banget,",1
Good Job.,3
Ya unduh ...daripada...,5
ğŸ¤—,5
semua baik-baik saja,4
Hhee,5
Akun wa saya diblokir Berulang-ulang padahal saya tidak melakukan kesalahan satu pun Sampai saya ganti nomor baru Tapi tetap diblokir Aneh,1
Mantap,5
Buriik,3
gentod,1
bagus,5
"whatsapp ini sangat penting untuk semua orang. apalagi manusia sibuk seperti kita jadi ini sangat sangat di butuhkan, bila ada kekurangan/minus drpd aplikasi ini, saya masih bisa memaklumi, tapi saya berharap jika aplikasi ini agar lebih ditingkatkan demi mempermudah urusan kami dan tolong jika di update jangan ada satupun fitur sebelumnya yang hilang karena ini sangat membantu. tolong apknya ditingkatkan lagi, terimakasih.",5
WHATSAPP TAMBAHIN VITUR ARISPAN DONG YANG KAYA INSTAGRAM,5
"Sangat membantu sekali,,poko nya ğŸ‘ğŸ‘ğŸ‘",5
Dibidang bangunan,1
Tidak bisa login,5
Bgs,5
ë‹¹ì‹ ì´ ê·¸ê²ƒì„ í›¨ì”¬ ë” ì˜ ì—…ë°ì´íŠ¸í•˜ê³  ì‹¶ë‹¤ë©´. ì´ê²ƒì€ í›¨ì”¬ ë” ê¹¨ì¡ŒìŠµë‹ˆë‹¤. ì¼ë°˜ì ìœ¼ë¡œ ë³„í‘œ í‘œì‹œëœ ë©”ì‹œì§€ëŠ” ê·¸ë£¹ì—ì„œ ì˜¨ ê²ƒì¼ ìˆ˜ ìˆìŠµë‹ˆë‹¤. ë¹¨ë¦¬ ê³ ì¹˜ì!!,3
Goood,4
Ok,5
Amanah,1
"Tolong dong WhatsApp webnya yang fitur centang tetap masuk di munculkan kembali dong !!!! Capek banget WhatsApp web tiba2 keluar sendiri,nyesel gw perbarui klau kyak gini, bukannya tanpa baik malah fitur2 kek gitu d hilangin .",1
Bagus*,5
Sangat bagus,5
Status jadi ga keliatan siapa aja yg melihat,1
"Setelah di update malah jadi gak bisa buka pesan sekali lihat, tolong dong di perbaiki jgn makin mengecewakan, saya pengguna oppo reno4f",1
sangat bagus dn enk di gunakanx,5
"Kenapa data pengguna saya tiba tiba menjadi 7,91 gb padahal kemarin masih 1,8gb tolong lahh!!!",3
Ok,5
WA ny sangat menarik,5
Bisa Berkomunikasi dengan keluarga,5
Pliss teruntuk pengurus wasap sekalian tolonggg apus emot batuuu dan jempol tolongg,5
Makasih bang,5
Kenapa akun gua di blokin min emang salah saya diman itu nomor penting.emang gak adil whatsup,1
"Kecewa banget semenjak abis update tiba"" chat hilang semua, mana chat 2-3 tahun kebawah",1
dear wa...hapus fitur 1 x dilihat....itu aja,1
Bagussss,5
Kenapa nih WA makin lama makin nyusahin. Mau nelpon gk sama keluar suara dari yg menelpon. Parah lah pokokny,1
Bgs,5
Mantap,5
Mantuullll,5
Kenapa setiap ngechat orang selalu di abaikan,1
minimal liat ni wa min. punten kenapa di blokir min. soal nya udh ganti no 3x,2
Sangat bagus,5
Harus baik,5
Aplikasi ini sangat baik,5
Good,5
Sangat puas senang dengan Shopee,5
Gaada yang ngechat,1
Kenapa ada tulisannya you need the official WhatsApp to use this account tolong jelaskan terimakasih,1
Of course bgs bgt,5
Nee juga mantap,5
Hp saya habis di instal data nya hilang semua masuk lagi susah no di blokir padahal no tsb di pakai sudah bertahun tahun kok jadi ribet,1
BagusğŸ‘,5
Sangat membantu saya,5
"please add minutes for the duration of the uploaded video, thank you",4
Kenapa kalo saya mau vidio call kayak gk ada gambarnya cuma ada foto pp TOLONG DI PERBAIKI YAH UDAH SEGITU AJAH makasihhh,1
Sering bnged notifikasi wa masuk ga muncul... Giliran apk wa nya di buka pada masuk semua pesan wa nya... Hadeh... Kecewa berat...ğŸ˜”ğŸ˜”ğŸ˜”,1
Sses,5
"Buat status video kenapa gak bisa jalan malah macet, trus tidak dapat mengirim video",3
ğŸ‘ğŸ‘ğŸ‘,4
Muaskn,4
Guud,5
WA ini sangat cocok buat ku,5
Bagus,5
"aslinya apk ini bagus dan bermanfaat banget, namun yang menjadi masalah yaitu, ketika meng upload video HD di snap, nanti saat terdiri video itu menjadi video yang tidak jernih dan buruk. mohon maaf sebelumnya",5
"setelah update ada bug saat melakukan video call,kamera sering tidak berfungsi",1
Sangat bagus,5
suaranya kecil pas tlfn burik,1
Oke,5
Optimal kan aplikasi nya,3
Kenapa ya semakin kesini semakin ga enak apk nya sering kali ada tulisan menggunakan whatsapp resmi. Trus ini bukan whatsapp resmi apa? Tolong ya diperbaiki buat kenyamanan bersama Sdh ada 1 minggu whatsapp begini terus mohon dong diperbaiki banyak data penting whatsapp yg saya pakai,1
Matat,5
gda yang chtğŸ‘ğŸ¼,1
+02?[\WJaplwjpiaju Nupj W 6uwn#+n Wulj .7# Bwaul 7auulaWulj Upn Wnalunwpnnal up0!/u0ap wh l 72 ++Nuawgjl#+/ 70au7ju Nu,4
"Kenapa ini selagi VC Â± berjalan 10mnt selalu patah patah/delay seperti suara lawan bicara sudah diterima namun video telat dan itu durasinya cukup lama kadang tiba tiba blank. Sering muncul keterangan ""Whatsapp tidak menanggapi"" . TOLONG KAIZEN",3
"Diperbarui malah tambah rusak. Jika sedang vidio call lalu mengirim foto atau bikin status, vidio call nya langsung mati aja. Trus kalo lagi vidio call ngecilin gambar vidio call nya langsung ngedip ngedip. Tolong lh untuk di perbaiki",1
kenapa sih ni wa harus di perbarui mllu heran dah,2
Oke,3
Coba dulu ya,3
"Aplikasi bagus, berguna dan sangat membantu. Tapi untuk story kurang memuaskan. Karna terkadang ga muncul di kontak temen story yg kita buat",4
"ngeleg najis tolol ,,, buriq kalo bikin status suka ngadet ngadet 2023 masih ajh kea krajaan Majapahit",1
Gratis,5
Bagus,5
Satu untuk semua,5
Ok,5
Update bukannya nambah bagus malah makin buruk,1
Mau update makin lelet,4
ok,5
Wahyuboneng,5
Kenapa WA AK gk bisa buka,5
Bagus,5
"Makin sini makin sampah , ngirim vidio gak bisa 1 vidio yg dilanjutkan",1
Tolong bug saat memilih filter di status tidak bisa digunakan .. bahkan ketika di pencet mengarah ke privasi status..,3
Saya sudah update WhatsApp tapi kok belum ada fitur baru itu bagaimana ya,4
Sangat membantu,5
Sangat bagus,5
"WA KM APAIN PACARRR AKKK, DIA SAMPE SKIT HATIIIII TUHHHH. PARAH BANGET KM TUUUU!!!!ğŸ¤¬",2
"Makin lama makin rusak nih apk,,bukannya tambah baik malah tambah rusak",1
maap untuk presiden wa bisa ga munculin filter cancel untuk semua orang kalo pesannya udh ke kirim jadi kalo ada orang mau hapus pesan untuk semua orang gajadi bisa gitu lo semoga ngerti bahasa saya ya makasi sebelumnya,3
Good,5
Memudahkan utk berkomunikasi,5
Ok,5
Poto gw di bikin stiker tolong lahhh,1
adain arsip sw dong,4
ğ˜ğ˜¢ ğ˜¨ğ˜¢ğ˜¬ ğ˜®ğ˜¢ğ˜´ğ˜¶ğ˜¬ ğ˜¢ğ˜¬ğ˜¢ğ˜­ ğ˜µğ˜ªğ˜£ğ˜¢-ğ˜µğ˜ªğ˜£ğ˜¢ ğ˜¨ğ˜¢ğ˜¬ ğ˜£ğ˜ªğ˜´ğ˜¢ ğ˜¥ğ˜ª ğ˜¨ğ˜¶ğ˜¯ğ˜¢ğ˜¬ğ˜¢ğ˜¯ ğ˜´ğ˜¦ğ˜±ğ˜¦ğ˜³ğ˜µğ˜ª ğ˜£ğ˜ªğ˜¢ğ˜´ğ˜¢ ğ˜ºğ˜¢,1
bagus,1
"Gw males pada spam ""apk ini bagus!!!!!!!!!!!!!!!!!!!!!!!!!!!!!!!!!!!!!!!!!!!!!!!!!!!!!!!!!!!!!!!!!!ngapain lihat ke bawah kan udh bilang bagus"" itu yg bilang begitu kalo mau bilang bagus ya gak usah begitu lah;-;",5
Goooddd,5
watchsapp knp ga bisa di buka,5
Kok ngak bisa di dowlod ya,1
yaull,5
Top,5
P info wa mb,5
Akses,5
Ok,5
Bagus,5
Wa,5
"When u see this, i just wanna to say everyone did it so good! God Bless You",5
Sangat baik,5
Goood,5
Emote batu mohon di hilangkan,1
bagussss sukakk,5
Bagus,5
Mantap luar biasa,5
Coba dulu,2
Kenapa chat ku ga bisa di pulihkan,1
Lumayan ğŸ˜,5
Maaf aku kasih ğŸŒŸ 5 udh cukup malaes ngetik,5
Akusering memakai wa tidak terjadi apapa bebas iklan aku bisa berkimunikasi sama kluarga makasi wa,5
Sangat baik,5
Waktu vidiocall dan di minimize gambar kecilnya jdi berkedip kedip mohon d perbaiki,3
"Tolong buat Dev untuk menghapus fitur privasi terakhir dilihat seperti dulu, aku jadi gabisa liatin dia online, setuju gasehğŸ‘ğŸ»ğŸ‘ğŸ»",3
Kenapa alasan saya memilih memakai WhatsApp biasa karna WhatsApp nya seru tidak kaya WhatsApp bunssi cepat kardewasa nya semoga yang oake WhatsApp biasa mangkin seru ya kalau kata aku si mending pake WhatsApp Messenger dari pada peke WhatsApp bunssi dadah,5
Kak himna sih cara nya no sya kan di blok watsap gimna biar ke buka lagi dan bisa k daptrar lagi ğŸ™ tolong di bantu dong,5
Oke banget,5
"Saat ada telpon masuk voice maupun video call hanya bunyi sebentar dan tidak menampilkan notifikasi hanya suara dan itu semangat sebentar, harus dibuka terlebih dahulu untuk melihat informasi siapa yang sedang menelpon. Mohon segera di fix",3
Baik sekali,5
Kenapa dengan aplikasinya 2x kena baned dalam 1 hari pdahal dari playstore Korek lagi fitur nya hanya mengganggu pengguna saja,1
Hanya ingin menambakan sajah mengapa sekarang tidak bisa pesan berbintang dan pt/vd tidak bisa kesimpan dari wa ke galeri padahal dulu bisa,2
Best ğŸ‘ğŸ‘,5
Akun saya kok sering di blokir padahal suda ganti kartu. Aplikasi juga dari playsor masi aja gangguan pemblokiran sarannya gimana,1
Bikin stori sekarang jadi buram:(,3
WhatsApp sangat bermanfaat sekali untuk sayaâ¤ï¸,5
wa sekarang gajelas masa tiba tiba keblokir terus padahal uda ganti nomor,1
"Min kenapa ya ko wa nya pas ngaplod sw jadinya burem pas digaleri gk burem tapi pas masukin sw jadi burem,kenapa yah min?",4
Berkah Selalu WhatsApp ğŸ™,5
bagus lh,5
wa tdk bagus bikin sakit hati,1
WtğŸ˜† ğŸ˜¨ğŸ˜©ğŸ˜ ğŸ˜¨ğŸ˜ ğŸ˜ ğŸ˜¨ğŸ˜µğŸ˜ ğŸ˜§ğŸ‘¹,3
Kurang puas,2
Jelebaw,5
baik,5
Bagus,5
Ini bagus ğŸ‘,4
"Untuk wa temanya jangan hitam bikin yang banyak temanya tanda onlinenya hilang kan, tolong buat wa tanda baca digrup siapa aja yang liat tolong diapus ya makasi",5
Fitur kunci chat nya tidak muncul,2
Eror wanya,1
Ni aplikasi ngirim video aja susah!!!ğŸ¤¬ğŸ¤¬ğŸ¤¬ğŸ¤¬,5
Memudahkan dalam komunikasi,5
"Assalamualaikum warahmatullahi Wabarokatuh.hallo yg udh buat apk ini saya sangat beruntung sekali telah mendownload apk ini ğŸ¥°apk ini sangat luar biasa skli ğŸ’•ğŸ˜saya menyukai apk ini saya kasih bintang 5 yah semonga beruntung yg udh menciptakan apk ini yhğŸ˜apk ini sangat bangus,lumayan,luar biasa, sempurna dan semacamnya.thanks you somach iyh ğŸ˜",5
Oke,5
Ok,4
Semoga bagus aplikasi min,5
Tidak ada kuncii,1
Good,5
Sangat bagus,5
Okeh,5
"tolong dong kualitas unggahan story di perbagus lagi,sayang bgt masa jadi blurr tolong banget inimah",2
bagussd,5
Kekeringan ubdate,2
Aplikasi apa ni jelek skali,5
Atha 4567298,5
Di-update terus malah makin ribet bukannya makin mudah,1
"untuk fitur status sangat cacat, yg di posting menit dan detik apa yg muncul distatus menit dan detik yg lain. terus ngapain gua atur detik dan menitnya klo ujung2nya ngaco yg lu posting. bisa aja yg di menit itu gamau di post, malah lu post dasar *****. bikin malu aja anj ... contoh gua posting video menit 17-40 . tapi yg muncul di postingan malah menit yg lain gb****k . malu2in aja an**** bisa aja menit yg lain itu aib gb*****k",1
Untuk sekedar masukan untuk upgrade versi terbaru nantinya bisa menambahkan fitur untuk menonaktifkan chat seseorang yang sedang tidak diinginkan. Seakan whatsapp sedang tidak digunakan oleh si pemilik alias akan centang satu bagi si pengirim dan mengira whatsapp si pemilik sedang tidak digunakan. Sejauh ini fitur-fitur whatsapp sudah jauh lebih baik. Terimakasih.,5
"Sering keluar sendiri,nomer terdaftar di bilang salah",2
Smg whatsap..sll memperbarui aplikasinya,5
Tolong ada bug saat saya menggirim pesan ke teman saya kan dan ya pesan tersebut di baca tapi kok centang nya masi centang abu abu 1,1
"Everything its perfect maybe, well i currently tired for the day.. please cheer me up :)",5
ok,5
"admin WhatsApp mohon maaf, knp saya setiap ingin ngirim vid dri perangkat kok gk bisa ya min? kenapa ya?",3
"Sebagian orang pasti sangat bergantung pada WhatsApp,. Termasuk saya, namun sudah 2x nomor saya di blokir secara permanen oleh pihak WhatsApp, Dangan alasan melanggar aturan privasi dan lain sebagainya,. Padahal saya sebagai pengguna tidak pernah melakukan pelanggaran apapun, saya hanya menggunakan WhatsApp seperti orang pada umumnya namun pihak WhatsApp tidak mau menanggapi hal itu lebih lanjut,. I am very dissapointed with the current WhatsApp messenger!!.",1
Whatapp rusak erro.,1
Oy wa lol lu kenapa hapus bug Wa.me/settings dah lah Anjj lu wa,1
Memper barui watsapp,1
Sangat mudah banget untuk berkoneksiğŸ‘,5
Tks bos,4
GAA JELASS,1
maap b 1 cwe di kontak gw pada nyakitin,1
kembalikan wa versi dulu sekarang bnyak berubah nya,1
Lancar,4
"kecewa banget sama whatsApp chat saya tiba' hilang ke riset semuaaa, padahal ga mencet apa' ini gimana tolong cara ngembaliin chat saya",1
Knpa say tk boleh mndowload i watshapp in,5
Sangat bagus,5
We developer Kembalikan WA seperti dulu Yg dulu SW nya jd Sekarang jadi blurr Ku mohon ğŸ™ğŸ™ğŸ™ğŸ™ğŸ™ğŸ™ğŸ™ MudahÂ² di bales,3
assalamualaikum,5
Kenapa hasil upload video kualitas terbaik hasil nya ke video pake kamera hp Nokia N70 parah,1
Bagus,5
Bgus,5
"Tolong bagi yg buat aplikasi ini,klo gk bisa memperbagus apk nya seenggak nya jangan nambah susah,berbagai macam bug,miris,setelah diperbaharuin bukan memperbagus tapi memperburuk",1
"Ini kenapa kalo hapus chat dari orang lain.. poto, vidio dan file yg udh pernah di download dari chat tersebut jadi ikutan ke hapus juga di galery hp ğŸ˜£ dulu2 engga bgitu sekarang wa banyak eror nya.. kualitas menurun sehabis di update.. payaahhhhhhhh",1
Wa nya ngeleg knpa ya??,1
Bagus,5
Luar biasa sya suka banget,5
Bagus,5
Kenapa setelah di upgrade tambah banyak masalah ğŸ˜¡ğŸ˜¡ğŸ˜¡,5
Bagus banget,5
Mau bergabung ke grup,2
"Alhamdulillah,, akun saya sudah kembali dipulihkan kembali,, terimakasih,",5
Tolong perbaiki bug soal nya telat kirim pesan padahal jaringan bagus sinyal juga tapi kenapa telat tolong perbaiki,1
Akun saya terblokir Mohon agar kiranya diaktifkan kembali.,5
Sekedar saran kalau mau update tolang chat umum di pisah dengan grub biar ada beda mana chat pribadi mana chat grub,1
Kebanyakan upgrade jadi mabok whatsapp nya setiap video call selalu terjeda kalau keluar dari whatsapp,1
Ok wae,1
"bad, so bad.",1
Hilangin mode matikan kamera saat Vido call itu sangat menggangu,2
Mantab,5
Di updet makin pusing,2
WhatsApp sekarang blm update apa gimana ya min ?,5
Suka krna setiap memosting sellu bisa,5
"Pasca update, malah banyak minus dan bug-nya... Sangat kecewa...",1
Kenapa ya selalu susah kaloai di update? Tolong bantuanya,3
"Kok Nomor saya sering diblok ya sama pihak whatsapp ,, padahal saya tidk pernah spam / melanggar kebijakan ,, sampai sekarangpun nomor whatsapp saya masih terblokir oleh pihak whatsapp ,, pliss kembaliin akun whatsapp saya sudah sering saya mengalami seperti itu ,,,... Akan tetapi hal yang 1 ini tidk bisa diperbaikii...ğŸ˜­ğŸ˜­ğŸ˜­",1
Tambakan fitur live streaming,1
Kok punya saya tidak bisa vn?,5
PutriLestiLestari,5
Oke lah banyak banget update nya,5
Saat berima vc terjeda eh pas mau dinyalakan ulang kamera nga bisa terjeda terusss sebel sih,3
Cakep,5
"tolong bgt, saat saya mengunggah video/foto di status janganlah diturunkan kualitas nyağŸ˜­, jadi pecah videonyağŸ˜­",2
"Saya kasih bintang 1 dulu, karena akun whatsapp saya masih diblokir",1
Sangat puas,5
Bagus,5
Hapus fitur 1x bangğŸ™,5
Sangat bagus,5
WhatsApp messnger W,3
kenapa akun whtsapp saya ke blokir. saya ingin memulihkn data whtsap,2
Gw ga kasih bintang karena udh ga jls apalagi pas di update semakin pea aja aplikasinya gede banget lagi buat aplikasi nya apa si yg di tambah pea banget yang bikin ga bisa 0 sih bintang nya yaudah kasih 1 aja biar sadar jangan terlalu di update mulu,1
"Tolong lah WhatsApp messenger paketan gw masih ada, tp kenapa ngejam terus tolong jangan sampe gw WhatsApp messenger jelek",1
Wa burik up status turun mulu resolusi nya heran dah,1
Daya puas dengan ini,5
Sering eror,1
WhatsApp chat status chat status chat,5
"Wahhh makin kesini makinn wowww, ada fitur yang sy tunggu tunggu, sekarang whatsaap bisa kunci chat",5
Sangat bagus,5
"Luar biasa ,,,,",5
Status wa nya eror deh,1
babiii,1
Alhamdulillah abdi tos tiasa ngaplod,5
ğŸ‘,2
Kirim via dokumen mending dibuat kek dulu bisa langsung banyak sekaligus,1
Kok lama dapet update Tan terbaru,3
Keren sih tapi kenapa ya setelah di update jadi ada beberapa bug kayak pas nge ganti nama kontak orang tuh status WhatsApp orang yg namanya di ganti jadi ilang kenapa? Aku jadi bingung ğŸ˜•ğŸ˜•ğŸ˜•ğŸ˜•ğŸ˜•ğŸ˜•ğŸ˜•ğŸ˜•ğŸ˜•ğŸ˜•ğŸ˜•,4
Kurang puas sih pake wa skrng karna setiap uprage pasti ada aja bug baru nya. Apalagi pas vc padah vidio tidak terjeda tiba2 terjeda sendiri. Trus tolong buat status wa kok agak kurang bgus hasilnya.,3
setelah diperbarui tidak bisa mengirim audio dalam chat,5
"bro Adain live di wa donk, biar g bosen ngabğŸ¥ºğŸ¥ºğŸ¥ºğŸ¥ºğŸ™ğŸ»ğŸ™ğŸ»ğŸ™ğŸ»ğŸ™ğŸ»",4
Waktu download nya lama bgt,4
"Min minta tolong di upgrade aplikasi nya supaya pas upload stori hasilnya ngga blur dan pecah"" soalnya pas dikamera asli hp hasil video foto bagus pas dibikin stori jadi blur dan pecah"" terimakasih",3
Kamu nanya,5
Ini kenapa wa baru selesai diupdate malah macet,3
Wa sekarang gak jelas bang nomer saya di blokir terus sudah beli nomer 2 kali di blokir terus,1
"Tolong diperbaiki lagi,habis update kok malah eror,foto profil hilang sendiri tanpa dihapus pemilik,tolong diperbaiki lagi semakin lama semakin eror terus",1
Mantap,1
Kok lama ya intalnya,3
Bagus,5
Yes I do,3
Whatsapp ni kok selalu penuh apa sebabnya?,5
ğŸ‘,5
Ok,5
Mantap ğŸ—¿,5
WA nya di aktivkan,5
Mantep,3
cukup puas,4
"Saya tak dpt menginstall berbagai aplikasi whatsapp,saya sudah lapor masalah nya apa tapi laporan masalah saya tak pernah di respon...,mohon bantuan nya",1
Ini sangat bagus sekali aku ketagihan iniiii sangjsnsnsnsushsushsgwysbsusbsusbsushushsueheuehwihdianagwheisbsushauahauwgywvaygayagayagyagatgsusjdidjdudjushdududysysydydudususususususususushshsusususususuwhwnwjehehehehsudhsushsushushsuhsushsuhshahshshdushsusuwuhsushsushushsuhsushs7shsushususushsuususdusydy4hd73hduebduebxuebxurbuxbexubebxuebxhbexhbeuxbuebduebduebxuebxuebxuhexuhedgegsyebuxbeydbeubxuebxubexuvexubexuuebxexbuebxubexbube0udbu3bdubedubeudbeubudbeubxubeubiebdubirh3ihdi3jdi3h3idhuuuujanj,5
Jos,5
Busy,5
Watsaaap koyoo kontol dilukÂ² apdet w.a Yoo asu,1
tidak bisa membantu ubah kata sandi verifikasi 2 langkah yang lupa.,1
Aplikasi ini bagus bngt,5
sangat menyenangkan,5
Tau,5
Lemot tidak bisa ddonlot,2
Kren wajib download,5
Kenapa wa harus diperbaharui katanya tambah bagus eh malahğŸ¥²...........,1
Good App,5
Mengemudi,4
"Sangat bagus,aplikasi ini berguna bangett utk smua orggg",5
Kalian jangan pernah download aplikasi ini karena ntar menyesal Saaya download aplikasi ini Terus ada tulisan unistal saya gak tau tuh terus sama saya kepencet eh malah ke hapus terus suruh download lagi washaap kek anj,2
Makacih,5
Vidio.kongfu.seksual,4
good job,5
"Aplikasi yg mempermudah seseorang utk berkirim pesan, video, voice note, dan video call, aplikasi yg sangat membantu, tingkatkan terus pelayanan yg terbaik.",5
Aplikasi kaga jelas tiba tiba keblokir sendiri padahal nomer baru aplikasi sampah,1
Asep apo,4
Balikan akun sya.. Kenapa akun sy di hak..kan sy tdk melalkukan spam atw ap pun..sya mhon kembalikan akun sy bang ğŸ™ğŸ™ğŸ™,1
"Apanya yang harus di update ketika server nya ngeleg, bego kali ya",1
tolong utk video/foto di status tolong kualitasnya di turunin dong.. masa setiap bikin sw yg tdinya jernih mlh jd blur.. tolong min perbaiki,1
"min, kapan Whatsapp ada fitur filter nya",5
Keren,5
Cape dah wa keriset mulu udh dua kali,5
Mudah dan vepat terhubung,3
sebenarnya sih enak aja pakai aplikasi ini tapi ilangin bug wa.me/settings,3
Kulibagunan,5
Kenapa no baru tidak bisa wa,5
Biasalah bagus,5
WhatsApp in sangat membantu,5
Bagus banget,5
Mantap bosss fiturnya jadi keren lagi ğŸ‘ğŸ˜âœ¨,5
Sangat recomended aplikasinya karna bisa berhubungan dengan teman / saudara dengan puas....,5
Mantap bangat,5
Oke,1
"Banyak bug. fitur picture in picture tdk bisa digunakan. sekalinya bisa, ketika floating window dipencet akan menghilang tiba2. sticker yang ditambahkan ke favorit selalu menghilang padahal saya selalu backup otomatis setiap minggu dan backup selalu lancar.",1
Sering BUG video terjeda saat panggilan video.,1
Bagus,4
Waw bagus banget aplikasi ini,5
Sangat baik,5
Ppp,5
Kurang bagus dan tidak bisa memverifikasi kode atau mengirim,4
Apa artinya bang messi?,1
Saya suka sekali makasih yang indah buat whatsApp ini,5
Selamat siang,5
baik,1
"Kaka ini gimana, saya ganti hp dan install di hp saya yg baru tp tidak bisa masuk ke aplikasi WhatsApp dg nomor saya yg terdaftar di perangkat sebelumnya, mohon tuntunannya",1
Nice,5
GiyatiğŸ’‘ğŸ˜,1
"Sering troble kalau buat vc, tiba tiba kluar sendiri, video terjeda",1
WA sepi kek kuburan,1
ğŸ‘ğŸ‘ğŸ‘ğŸ‘,5
ditambahin fitur tema yg pinky pinky tmbh bagus nnti whatsapp nyaa,3
Kenapa wa saya gabisa digunakan y,4
WhatsApp Terlalu selebeww,5
"Buuueeeening buuanget......,kalau pas sinyal pull ğŸ¤­ğŸ¤­",5
Sangat bagus,3
Plis buat foto profil nyabisa bergerak donk,4
Nda bahaya ta,5
"Apk rusak,Jan download rugii",1
Wa ini sangat bangusğŸ¤“,5
uhui,3
"Update bukan nya tambah bagus malah berkurang fiturnya, setiap kali update status video selalu ga bisa full di video kedua misalkan video 1menit biasnya bisa dibagi 30 detik 30detik sekarang udah ga bisa selalu ada keterangan tidak dapat menunggah video",1
Aplikasi ini sangat bagus,5
Aplikasi ini bagus banget dan seru ngechat nya aku suka dehğŸ˜ƒğŸ˜ƒğŸ˜ƒğŸ˜€ğŸ˜€ aku suka banget dan boleh liat statusnya masih di dalam negeri dan notif di kota manado di di Yogyakarta dan ada juga yang baru saja selesai aku tidak tahu bagaimana cara melakukan budidaya ternak yang baru masuk Islam dan seru dan notif di kota Manado dan sekitarnya dan ada juga yang tidak bilang kalau dia sudah tidak ada hp no Killa yang cuma di di Yogyakarta Yogyakarta di Bali yang lebih baik dari pada itu bang jali jali,1
"Gajelas nih WhatsApp, gw ga salah apa apa tiba tiba diblokir. Padahal gw ga spam",1
Gi mana,5
Ok,4
Plis bisa update,4
Sangt bagus,5
Pie tow kik,5
Layak untuk ditinggalkan,1
Bagus apk nya bisa buat komunikasi dg hemat kuota,5
Good,5
"Abis update pas ngirim vn ke seseorang kok ga ada suaranya, udah hapus cache, hapus data, intall ulang, masih tetep sama aja, tolong untuk pihak wa segera di perbaiki",1
Makin bagus updatenya,5
"Makin sering di update makin lemot dan makin kurang fungsinya,setiap saat harus di update",2
Suara status suka hilang,1
"Knp klo ada yg nlpn di wa,tidak keliatan yg memanggil,padahal sudah upgrade",2
TOLONG HAPUS STIKER DI WA!,1
Menjangko komunikasi yang menghasilkan,5
Sayur malam,2
Bagus,5
Mau nanya kenapa ya WhatsApp nya jika vc dan telepon suka mati sendiri????,4
Update aah...,4
wowğŸ¤©ğŸ¤©ğŸ¤©ğŸ¤©ğŸ¤©ğŸ¤©ğŸ¤©ğŸ¤©ğŸ¤©,5
Mantap,5
Lancar unt komunikasi,5
Unduh .,5
Siiip...,5
good..ğŸ–’ğŸ–’ğŸ–’,5
Baik,5
fitur WhatsApp sekarang makin bagus. privasinya lebih dijaga,5
Kenapa di saat videocall..suka ngeleg..tolong di perbaiki lagi ya min,5
Semoga bisa didownload,1
Good,4
"saran dong,grup dipisah dong kayak wa mod gitu,jadi gak jadi 1 sama chating",5
wa semenjak diupdate tambah rusak,3
"wa semakin kesini semakin banyak fitur baru,cuma aku pengen nyobain fitur kunci chat harus wa beta dulu ya",5
Whatsapp sekarang tidak mendukung untuk hp kentang seperti versi kitkat hp kentang jadi tersingkir kan kasihan yg lain ga bisa mengunakan wa lagihğŸ™‚,5
Sangat lah bagus,5
Susah bet di download,1
Mantap,5
Ogeh,5
Ni WhatsApp knp ngk BS download buruk bener cb dong,5
"Pengunduhan lelet lamaaaaaa, ini dr pg sampe magrib msh belum bisağŸ¥´",3
Kenapa Whatsapp tidak bisa menghapus kontak ri daftar blokir,2
status jika di post menjadi buram dan tidak jelas gambarnya padahal video sudah di kompres tapi tetap saja buram,1
baik,1
"Saya tidak dapat menggunakan wa, karena d blokir. Saya bingung kenapa tiba'' wa saya di blokir. Bisa membatu saya supaya bisa pakai wa lagi",3
akun sering ke blokir padahal gak ngelakuin apa apa,1
Can you separate notifications between impressions and voice messages,4
Udah nyadangin chat malah ga bisa mulihin,1
selebihnya nya sih ok..cuma untuk status wa nya tambahin timer nya dong jadi 60 detik..terimakasih,5
Perbaiki wa nya dong kayak dulu enak,1
"WA PLIS ILANGIN FITUR SEKALI LIHATT, ITU TEMAN SAYA NGIRIM PAP SEKALI LIHAT TEROSS JADI GA ADA KENANGANNYAğŸ¤¡ğŸ¤¡ğŸ¤¡ğŸ¤¡ğŸ¤¡ğŸ’”ğŸ’”ğŸ’”ğŸ’”ğŸ’”ğŸ’”ğŸ’”ğŸ‘ğŸ‘ğŸ‘ğŸ‘ğŸ‘ğŸ‘",1
"Sangat buruk, setelah update untuk video call menjadi video terjeda. Sangat buruk pembaharuan nya",1
Nih WA kok eror ya aku gada lo nge hide My World kok terhide Telor emng,1
F uucswaf,3
Knp wa ini sekarang gak bsa lgi ini tolong lah,1
"Gk pernah yabung sulit kbykan nugu"" 5 menit klamak an",1
Tolong tambahkan fitur anti virus,3
Tolong diperbaiki menit kode verifikasi bukan nambah nambah menitnya,4
"Mau Bebas Ongkir, SusahğŸ˜­ğŸ˜­",5
APK MAKIN UPDATE MAKIN KEK T4I,1
Lumayn lah Tingkat kan lgi,3
Lumayan,3
"Mohon maaaf ini kenapa ya?,saya baru ganti nomor dan saya tidak spam chat atau mengirim hal hal aneh aneh,tapi kenapa nomor saya selalu diblokir. mohon untuk diperbaiki saya sedikit tergangu dengan hal ini dan mohon maaf apabila perkataan saya ada yang salah",3
Terlalu sering di perbaharui. Aplikasi biasa saja.,1
Bagi pengembang aplikasi whatsApp utk tidak menurunkan kualitas video/gambar baik utk status atau pengiriman media. Sangat disayangkan hal itu terjadi karena pengguna whatsapp begitu byk tp hal seperti ini tidak diperhatikan.,2
ga bisa masuk wa,1
Pencarian sangat mudah,5
Woyyyy gk bisa di pake WA ny,5
woi WhatsApp bisaaa gaaa fitur sekali liat di hapus ajaaa!! aku kan jadi ga bisa ngesv pap om dikkkğŸ—¿,1
Bagus,5
Cukup bagus,4
wa ko berputar putar aja...,5
Mantul,5
Aplikasi eeek,1
Bagus,5
Saya tidak bisa memverifikasi akun saya saya sudah tunggu selama 1 bulan tolong perbaiki secepatnya,1
Watsap saya ga bisa masuk,4
Bagus,5
"tolong tambahin durasi klau mau up video di status, terimakasi",3
Kenapa ada biaya operasional,1
Ngelag terus saat vc gk jelas gambar nyh,1
Kwnpa aplikasi whatsapp jdi jelek,3
Sejauh ini dari smua apk untuk berkomunikasi secara pribadi yg paling ku suka itu WhatsApp,5
Tololl semua nomber gw k blokir semua gw salah ap,1
Sangat bagus,5
Tanggapan saya yah lumayan memuaskan,5
Wa sangat bagus,4
Kalau upload foto/vidio suka buram ğŸ˜¡,1
Ok,5
Apk ini sangat Bagus,5
Tiap buat status pasti selalu tampak buram..,3
HALLO WA YANG SEKARANG BAGUS SEKALI,4
Bagus,5
"Tolong aktifkan kembali akun WhatsApp saya,jangan di spam atau di blokir",5
Mantap bro,5
Kenapa mau nyambungin perangkat ke laptop pake kode ga bisa ya tolong dong benerin,1
bagus,5
Lumayan bagusğŸ‘,5
Balikin bug wa.me/settings kak,5
Suka sekali,5
Mengembalikan watshap yang terhapus,5
Sangat bagus skli aplikasinya,5
"Kenapa whatsapp aaya di blokir, babtuan nya dong",1
Gokil,5
Aplikasi ini bagus banget,1
Ya sagat suka,5
mkin upgrade mkin lelet .. klau tdk beli rating psti dibwh rata2 skrg,1
Mantap,4
Tolong saat mengunggah story whatsapp kualitas videonya lebih dijernihkan lagi.,4
"love bgt sm wa, tp plisss penyimpanan nya jgn gedeÂ² klo buat data yaa",5
"sbllumnya diblokir,dan skrg harus pake akun resmi,apa sih maksudnya??!!",1
Sangat bgs,5
Sangat baguss,5
"Tolong di perbaiki statusny,soalny grafikny kurang bagus tolong di perbaiki.saya ksih bintang 1 dulu karena grafik statusny kurang bagus kelihatan buram.",1
WhatsApp ini sangat bagus saya kasih bintang 100,5
Oke recommended,5
Mantaf,5
Mode gelap tolong diubah warnanya hitam pekat..mode gelapnya bikin sakit mata,4
makin kesini makin gk jelas whatsapp. tiba2 terblokir pdhal gk untuk ngapa2in! gk maksud di akal,1
Oke,5
AJGğŸ’ğŸ’•ğŸ’ğŸ’•ğŸ’ğŸ’•ğŸ’ğŸ’•ğŸ’ğŸ’•ğŸ’ğŸ’ğŸ’ğŸ’•ğŸ’ğŸ’•ğŸ’ğŸ’•ğŸ’ğŸ’•ğŸ’•ğŸ’•ğŸ’•ğŸ’•ğŸ’•ğŸ’ğŸ’ğŸ’ğŸ’ğŸ’•ğŸ’ğŸ’ğŸ’•ğŸ’•ğŸ’ğŸ’ğŸ’•ğŸ’•ğŸ’•ğŸ’•ğŸ’•ğŸ’•,5
No komen,2
Makin burik,1
Woiiii WhatsApp kenapa setiap kali ganti nomer selalu saja di blokir saya sudah ganti tiga kali sangat buruk,1
Bagus,4
"yang bner ngapa bgst, gw bikin story video ada lirik lagu nya malah macet. padahal gw puter di galeri lirik nya lancarÂ² aja makin di perbarui malah rusak perbaiki lagi ngapa Mark!!",1
The best communication apk in the world,5
Nomor saya di blokir berkali kali mohon jangan di blokir lagi!!,1
Suka bgt,5
Ini gimana ya kok wa saya gak bisa di buka? Padahal gak ad saya apaÂ² in loh tibaÂ² udah gak bisa di buka aja. Tolong bantuan nya ya soal nya penting banget,3
Oke,3
ğŸ˜,4
Sebagai pengguna wa kenapa ga bisa kasih pesan berbintang lagi sungguh sangat di sayangkan,1
"Kadang"" kl dibuat sambungan telepon putus"" untuk lainya ok"" saja",4
Baik,5
banyak bug,1
Luar biasa,5
Penurunan kualitas video saat membuat status sangat paraaaah,1
Tidak bisa nelfon,1
Bintang yang berbicara,1
Paling males buat setatus selalu pecah gambar nya,3
Wa.me/settings,5
"Fitur privasi masi ada bug nya, teman yg di privasi story masi bisa melihat story kita",4
Bagus,3
Butut,1
Update lagi agar bisa melihat berapa kali melihat Status,4
Sangat membantu untuk chattingan dan telponan dengan keluarga dan temanÂ²,5
Mls saya ngasih bintang karena wa sya gk bisa di pke bagai mna ini,1
"MIN TOLONG DONGG PIDIO/FOTO YG DIKIRIM KE STORY JANGAN DITURUNIN KUALITAS NYAAAA, MASA PIDIO YG AWALNYA HD JDI BURIK BNGT ANJIR AH",3
bagus,5
Saya member,1
Ok,5
Bagus sekali,5
sangat baik,5
Terimakasih buat aplikasi wa,5
Hendrasaputra,5
Sangat Memuaskan,5
Mantap,5
Sangat baik,5
sw gw burem bet ajg,4
"Assalamualaikum, Bpk/ibu Yth manager WhatsApp, tolong kritikan dari saya dijadikan teguran besar untuk kalian semua para pekerja dan manager WhatsApp, saya gak habis pikir sama pihak WhatsApp kenapa bisa sejahat ini, dengan seenaknya memblokir WhatsApp saya tanpa saya melakukan pelanggaran yang sudah tertera, akibat WhatsApp saya di blokir saya ga bisa ngabarin orang rumah saya keluarga besar saya, ibu dan ayah saya, diposisi ibu saya sedang kangen keberadaan saya, kurang ajar!!!!",1
ADAIN FITUR LIVE PLSğŸ™ğŸ™ğŸ™ğŸ™,5
"Busuk bgt barang updetan dislike,ga bisa ngirim cepat video",1
Bagus tambah keren,4
"tolong untuk status di wa ditambahkan opsi kulaitas leboh jernih,karena selalu saja postingannya buram",5
Sangat bagus,5
move on,5
W A.tidak berjalan.,5
bagus,5
Mabtap d watsApp,3
Bagus,5
Relfiyansah,5
tidak av,2
Bagus,5
Mantap,5
Skin lama,5
"Wa saya sering force close karena Wa.me/Settings, saya harap segera duperbaiki karena ini menggangu kenyamanan saya menggunakan aplikasi ini..",1
Terlalu banyak apdetansi ğŸ¤¬ğŸ¤¬ğŸ¤¬ğŸ¤¬ğŸ¤¬ğŸ¤¬ğŸ¤¬ğŸ¤¬ğŸ¤¬ğŸ¤¬ğŸ¤¬ğŸ¤¬ğŸ¤¬ğŸ¤¬ğŸ¤¬ğŸ¤¬ğŸ¤¬ğŸ¤¬ğŸ¤¬ğŸ¤¬ğŸ¤¬ğŸ¤¬ğŸ¤¬ğŸ˜ ğŸ˜ ğŸ˜ ğŸ˜ ğŸ˜ ğŸ˜ ğŸ˜ ğŸ˜ ğŸ˜¡,1
Makin aneh aja ini wa makin lelet buat upload,1
update kali ini jelek. pas liat story wa foto/video slalu saja ada kesalahan memutar. tolong di perbaiki lagi donk,5
aplikasi yang sangat membantu,5
Bagus,5
"Lah, abis update 2 Juni 2023, malah burik kalau pasang status WA. Malah downgrade gini.",1
"Tolong dong min kok whatsapp saya ngak bisa ngirim pesan,sama kalau mau update stt itu ngka bisa tapi kalau liat story orang bisaa tolong di perbaiki dong ,saya suka dengan app ini tapi kalau masih kaya gini saya kecewaa",5
Kadang foto suka ilang sendiri.... Mesti d unduh lg BaruÂ² ini....,5
Bagus,5
WA goblokk kenpa akun gw di non aktif padahal gak ngapa ngapain,1
Knpa saya gak bisa apdate,1
Kenapa di saya g ada beri bintang nya yh?,3
"Notif tidak ada padahal chat sudah di pin. Sering eror juga, kalo ga karna kerjaan males pake aplikasi ini.",1
Ok,2
"Aplikasi nya bagus, tapi tolong hilangkan fitur telepon, saya males teleponan",4
WKWKWK WA SKRNG CHTNYA BISA DI KUNCI YA JD MENDUKUNG PERSELINGKUHAN BGTTTğŸ¤£,5
Knp hampir tiap bulan di perbaharui?,2
"kenapa yaa wa ny tiba"" eror trs chat nya ILANG SEMUAAA PLSS HUAAA",1
"Bintang 5 nyaa tarr kalo wa udah ada filter cantik nya saat videocall biar makin kecee, yg stujuu LikeğŸ—¿ğŸ—¿",3
Bagus,4
Bagus,5
Mantab men,5
Banyak banget bug nya,1
"WHATSAPP KNP SI, CHAT GUA DIHAPUS SEMUA, MAIN HAPUS"" AJA, GA SUKA BNGT SM WHATSAPP SKRG, MAIN HPS HPS AJA!!!, PDHL AKU GA NGOTAK NGATIK APA APA, MALAH KEHAPUS SENDIRI, WHATSAPP SKRG ANEH BNGT MAIN HPS SEENAKNYA!!!KLO BISA INI YA KU KASI BINTANG -10000!!!",1
Berkebun bos,5
Bagus sih,5
masya Allah,4
Ok,5
Kok sekarang agak susah,4
Saya tidak pernah menyalahgunakan whatsapp saya sudah ganti no 3 kali pake akun ini selalu si sepam dan tidak di ijinkan mengunakan whatsapp.saya bingung dg aplikasi ini sudah di imel sudah bikin pengaduan tetep aj depan sampe habis. 3 no GX jelas GX ada respon yg baik,1
saya tidak bisa menerima foto/video WhatsApp,1
Tlong dong hidupkan.w.a nya aku,1
"kalau bisa komen tanpa bintang, saya pasti komen tanpa bintang. aplikasi nya buruk sekali, dalam semalam nomer saya keluar dari whatsapp 4x dan pada akhir nya nomer saya di blokir dari akun whatsapp, padahal nomer ini sudah 4thn pakai whatsapp. lol.",1
Bagus sih,5
"Bagus, Cepat, tapi kadang Signal lemah",4
Ok,5
"Eesewwwee, ss z se",4
Sangat baik bagi saya apk ini,5
min tambahin emoji ğŸ˜…+ğŸ˜¸,5
Apl wa oke,5
Mantap,5
Apaan dah pilih media lain padahal mediaa ya dah di nyalain,1
Jelekkkkkkkk,1
Sngat mudah and simple,5
"Gak tau jadi rusak ini WhatsApp, Gara gara ada fitur baru jadi aneh...bukannya baguss malah tambah rusakk",2
"Kenapa WhatsApp sekarang pas buka obrolan waktu di scroll ke bawah terkadang malah langsung scroll ke atas ya, padahal touchscreen hp ga ada masalah saat di cek",1
"Menurut aku sih, WA nya kurang bagus kalau memposting fto atau vidio ke sw buram aku sempet pake wa ini dan gitu aja, trus aku ga pake wa ini lgi aku pake wa gb pro, dan gb pro lebih bagus dri pada ini ğŸ˜ bisa menyimpan vidio sw org"" dan melihat chat terhapus pokoknya wa ini kurang ""Mohon di perbaiki"" ğŸ™",2
WA sy ilng ya,5
Plz fix wa.me/setting crash on android,4
Mantap,5
Apk ga jelas,1
Kamu nanyeak??,5
Kenapa sya tidak bisa mendownload wa,1
"bug suara, yang menggangu",2
Baik,4
Bagusss,5
Aman,5
Mantap,5
istimewa,5
Terumakasih,5
"Terimakasih , baik untuk berkomunikasi",3
Pdhl kuota banyak sinyl juga bgus pengaturan nya juga udh d izin in smua tapi knp tiap tlpon an hrus di jam miniml 4 jam udh mati sendiri sy sangat kecewa,1
Saya Cukup Puas,5
Aaqa,5
Ga jelas tiba 2 no WA bisa ga berguna,1
WhatsApp Whatsap Di Bergabung di WhatsApp,5
Ok,5
Kamu nanya,3
Baguuuuuuuuuusss banget,5
Nama Kontak Yang Saya Simpan Tidak Muncul Di WhatApp,4
Bagus,5
"apk wa apaan ini bangun tidur tiba2 wa udah di blokir, padahal ada berkas penting di wa saya tiba2 di blokir begitu saja",1
Menurut saya tab komunitas kurang berguna. Lebih baik digabungkan saja chat grup dimasukkan tab komunitas. Pengelolaan grup dan komunitas jadi satu di dalam tab komunitas Karena fungsinya hampir sama yaitu mengumpulkan orang,4
"Mohon diperbaiki kembali, app sekarang tak sebagus dulu.. semangat ğŸ’ª",2
Lumayan bagus juga,3
Alhamdulillaah bermanfaat,5
Bagus,5
Baik,4
Sangat membantu ğŸ‘,5
Maaf sy bintang satu karena akun sy gak bisa masuk wa,1
â¤â¤â¤â¤â¤â¤â¤â¤â¤â¤â¤â¤â¤â¤â¤â¤â¤â¤â¤â¤â¤â¤â¤â¤â¤â¤,3
Banyak penurunan,2
senang bisa tau aplikasi iniğŸ¤—,5
Bagus sih tapi klo lgi main game sambil tlp suka mati sendiri..,4
1Ã¦,1
Ini bisa saya bikin senang,5
Sanget memuaskan dg aplikasi ini,5
Nnsj ahs ka,4
"Bagus bgt pesan melalui Whatsapp. Tp knp ya, Whatsapp saya ga bisa didownload...",5
Mantap,5
Bagus,5
"sebenarnya aplikasi whatsapp ini sudah bagus, cuman saya berharap untuk kedepannya di fitur voice note di status itu ada fitur penguncian voice note agar saat kita melakukan voice note di status whatsapp tidak merasa pegal saat harus menekan tombol voice note",3
Aplikasi nya makin bagus Aplikasi chat terbaik,5
Sangat benar benar lucu,4
Ko wa saya for close ya?,5
WA adain fitur ngelive dong hahahaha seru tuh kayanya hahahaha,5
Sanggar baik,5
Knpa helo mau d tutup,5
Ok,4
Bgus,4
Garena. Terbaik. 7,1
Saya sangat sukai ini aplikasi karna bisa mencet teman sangat berguna sekali,5
Apk nya bagus,5
"Sangat membantu, tapi kenapa WhatsApp saya Gk bisa di download",4
Mantap,5
"dikurangi 2 bintang, karna yang kurang dari whatsapp nya itu harus di update sesuai waktu jika tidak aplikasi nya tidak bisa dibuka.",3
Agak kecewa sedikit ya pake WhatsApp baru saya mau APUS chat satu persatu aja nggak bisa ini gimana udah saya coba berkali kali tapi GK bisa minta tolong sekali ya sebisa mungkin diperbaiki lagi dan kualitasnya ditambah kan terimakasih,2
Ok bagus,5
Aplikasi WA lagi bug yah? Kita ngrubah nama trs kontak yg lain juga ikutan berubah,1
Keren,5
"Kalo bisa update kedepannya emoji, mirip sama IOS/Tiktok.",3
WhatsApp M,5
Mantapp ğŸ‘ğŸ»,5
ğŸ‘ğŸ‘ğŸ‘ğŸ‘ğŸ‘ğŸ‘,5
Bgs banget ini bisa chat an sama siapa aja + vidcall pokoknya aku kasih rate âˆ/10,5
Do,3
Aky suka wa,5
bagus bangget,5
Aplikasinya bagus cuma pas mau bikin status Poto di bagian pilih efek kalo di teken itu langsung ke pengaturan privasi status. Tolong di perbaikiğŸ™ğŸ™,3
Ndik kruan,5
masyallah bagus WA nya,5
Gpp,4
"Beberapa Minggu di blokir WhatsApp, sudah melakukan tinjauan ulang dan kirim email tapi tidak ada hasilnya. Padahal WhatsApp digunakan sebagai komunikasi pekerjaan bukan untuk hal yg tidak ada gunanya. Tolong WhatsApp buka akun WhatsApp saya",1
Suka,5
Kenapa tidak bisa mengisntal WA pada samsungJ3??,2
memuaskan,5
Tidak Ada pngalaman,5
Mantap memudahkan untuk cari informasi,5
Agus,5
Apk nya bgs sii aku sukaa,5
Mantap,3
kurang baik sering macet,1
Kenapa no saya kena blokir WhatsApp,1
"WhatsApp makin ke sini makin ke sana,mau liat status sendiri aja gak bisa apalagi liat status orang,liat video di galeri WhatsApp aja udah gak bisa, blog",1
"min kapan ada fitur pespa warna merah,gw pengen pespa kukuh ğŸ›µğŸ¥º",1
Sangat bagus,5
Tolong tambahin fitur terakhir kali dilihat/online,5
Saya bisa berkomunikasi dengan orng yg saya rindukan makasih whatsapp saya jdi tenang,5
LP,5
Oke..,3
"Wa saya kena blokir, udah 24 jam, kenapa yah?",3
Tolong perbaiki WhatsApp nya semakin aneh masa upload status video cepat sendiri ğŸ™,2
top wa,5
baikkk,1
"Mohon maaf nih tolong WA kalau upload status jangan diturunkan kualitasnya malah burem, terus tolong durasi upload status dipanjangin bukan cuma 30 detik.",2
"Kualitas foto dan video saat diunggah ke status selalu burem,gak banget sumpah",2
kak kapan ada fitur baru pespa warna merah,3
Kamu bisa gk gausa kebanyakan bug gitu ğŸ˜¡ğŸ¤¬ nanti aku berpaling ke line lohğŸ˜‡,5
Ok,5
tambahin emot paus orca dong,4
Bagus,5
buka blokir akun saya saya akan bertanggung jawab dan menuruti mengikuti aturan layanan ketentuan whatsapp,1
Kenpa dikit2 update payah,2
Bagus,5
Tingkat kan,5
Sistem sidik jari kurang akurat,3
sangat menarik juga bagus,5
Sip memudahkan,5
Sangat hebat dan canggih,5
Selamat siang,5
Tolong update sekarang,3
Ok mantab,4
Yg hina wa mendingan ga usah donwload deh lo tu yg hina lo ga bisa kan buat apl nah jangan hina hina ciptaan manusia dong,5
mantap selalau membantu,5
Makin nge bug bukan makin bagus,1
Iya,5
Setiap update ngga bisa lihat status video orang lain,1
WhatsApp saya tiba tiba dblokir tidak tau sebabnya tolong dibantu,1
Wasap,5
"Tambah g jelas aplikasinya banyak bug, ada tlp wa, malah g muncul di layar, aneh",1
Apk nya bagus banget,5
Bagus,5
Mantab,5
Sekarang kalo vc gambarnya muter-muter,1
Bgs sekali,5
Ko kalo bikin status suka pecah atau burik ?berikan solusinya,5
. Ee,2
Bagus,5
Bagaimana cara saya melihat pesan dari seseorang yang sudah di hapus sebelum saya membacanya???,5
"Seru bangat,,,!!!!!!!!!!!!!! Â¡!!!!!!!!!!!!!!!!!!!!!!!!!!!!!!!!!!!!!!! Â¡!!!!!!!!!!!!!!!!!!!!!!!!!!!!!!!!!!!!!!!!!!!!!!! Â¡!!!!!!!!!!!!!!!!!!!!!!!!!!!!!!!!!!!!!!!!!!!!!!!!!!!!!!!!!!!!!!?!!!!!!!! 2+ğŸ“782- lahirnya 3826",5
Ok mantap pokokny josss bingiiiiiit,5
Insya Allah sllu jadi apps yg akurat terperinci tepat sasaran,5
"Ini Wa Knpa,Pas Vc Kelamaan2 Langsung Ga Bisa di Stntuh,stelah Itu Langsung kluar Dari wa Nya Knpa Ya?",1
Main epep seruuuuu,5
Bokep,5
Kenapa wa nya kayak gini mau di apdate gak bisa,5
Wow,5
Masak org ngcat gk Adak nampak notit Nelpn pun sama gk tau siapa yang nlpn gk muncul nama nya klk gk bukak aplikasi nya,1
Di perbarui malah susah kirim foto loading terus padahal pakai WiFi Loh,1
Mungkin karena ada salah dlm memencet tombol maka aplikasi WA menjadi hilang.,1
Tolong tambahin fitur berapa kali seseorang liat status wa kita,5
Bagus tapi kenapa ada garis-garisnya...,4
ğŸ‘ğŸ‘ğŸ‘ğŸ‘ğŸ‘ğŸ‘ğŸ‘ğŸ‘,5
"Good , Bagus",5
Kualitas pas up video stts jdi jelek,1
Ok,5
Untuk video kenapa jadi buram pdhl udah setting hd tp di wa masih ttp buram.. this is bad application,1
di perbarui malah tambah gak karuan .ğŸ¥²,1
Good,5
Untuk pengiriman video/foto ke setatus wa tolong kualitas di stabilkan karena sangat menggangu bagi pengguna dan knp untuk pengiriman file / dokumen dll tolong untuk dikembalikan pengaturan seperti dulu,2
Apa cuman aku yg ngerasa klo lagi vc suda terjeda*?,1
Apk ga guna parah........................................................................................................................................................................................... Tapi boong apk nya bagus banget bisa buat pacaran wkwkwk,5
Sangat baik,5
Buruk,5
"Ini kok WA makin menurun bgt sih, apalagi kualitas gambar dan video nya, makin buram, pengiriman dokumen harus satu per satu, tolong dong di tingkatkan kek dulu lagi kualitas nya",2
min untuk story wa gambar atau video tolong di kasih editan seperti di IG biar lebih gampang kita membuat story,5
Klo. Bisa. Pembuatan. Stiker. Dan. Buat. Fb. Jgnan. Di. Isi. Email. Slm. Kenal. Dari. Bali. /ft. Yg. Di. Edit. Buat. Yg. Gampang2dan. Indah.. Maaf. Mks.,3
"Tambahin fitur nya dong kak supaya makin kece gitu,dah bagusss banget aplikasi WhatsApp ini,saya sukaaaaa",5
Bagus ğŸ˜ğŸ‘ğŸ˜˜ pokoknya harus donlod cuma masa sih kalau mau kirim status harus pake sinyal sama paket harus gratis lah,5
Penyematan mohon ditmbahi jadi 10 .. 3 terlalu sedikit...,5
Beri yg baik terimakasih,4
Sangat bgus tapi update terus,5
Jika Video Call... Dan layarnya di perkecil. Maka akan berkedip-kedip gambarnya.,3
WhatsApp tolol semwa ilang gara gara pulihkan chat anjjjjjing,1
good,5
"Tolong tambahkan fitur untuk statusnya bisa menyiarkan otomatis lagu apa yang sedang kita dengarkan, seperti status bbm dulu .....pasti tmbah mantabb....",4
Bagus sekali,3
Ok,5
"makin kesini makin kacau, masa update story berupa video malah kluar suara doang, videonya ilang, kaga jelas anjir nih apk",1
Boleeee,5
Aplikasi whatsapp ini lumayan bagus setelah update Terima kasih pihak whatsapp ğŸ‘ğŸ»ğŸ‘ğŸ»ğŸ‘ğŸ»ğŸ‘ğŸ»ğŸ‘ğŸ»ğŸ‘ğŸ»ğŸ‘ğŸ»ğŸ‘ğŸ»ğŸ‘ğŸ»ğŸ‘ğŸ»ğŸ‘ğŸ»ğŸ‘ğŸ»ğŸ‘ğŸ»ğŸ‘ğŸ»ğŸ‘ğŸ»ğŸ‘ğŸ»ğŸ‘ğŸ»ğŸ‘ğŸ»ğŸ‘ğŸ»,4
Saya sangat kecewa dengan kualitas foto/video story sangat buram mohon untuk pihak terkait agar ditingkatkan lagi.,1
Susah masuk ke device yg lain klo pake qr,2
Sudah naik sekarang,4
Apik,5
Sangat sangat,5
Sangat bagus,1
Terlalu byak updet,2
Wa apakah hrs kita update selalu ???,4
Ketuk bintang disinni,5
"Vh ,",5
"Sepertinya WA pilih kasih antara i-Phone dengan Android. Krn untuk story video Android kompresi file mnjadi video terlihat buruk. Berbeda dgn iPhones walaupun video di kompres menjadi lebih kecil tp ttp msh bs bgus. Seolah WA ingin menunjukkan klo video iPhones lebih bagus. Y wajar krn WA dan iPhones dr 1 negara, mungkin bagian propaganda mereka. Who knows..ğŸ˜",2
Tolong lah diperbaiki masa untuk mengupload vidio di status jadi pecah padahal di galeri baguss,3
Mantappp,5
mohon ditambah fitur video screen call kak... ğŸ˜„,5
"Jd orang harus bisa mbawahak dan martabat. Jangan mancing , jangn mengundang",3
Berguna,5
Makasih,5
